05/07/2008,"Beginner's Introduction to Perl 5.10, Part 2","chromatic, Doug Sheppard",/2008/05/07/beginners-introduction-to-perl-510-part-2.html,Final,Tutorials,"Perl 5.10, string, files, Perl filehandles."
04/23/2008,A Beginner's Introduction to Perl 5.10,"chromatic, Doug Sheppard",/2008/04/23/a-beginners-introduction-to-perl-510.html,Final,Tutorials,"Perl 5.10, novice programmers, Perl tutorial, Perl for beginners."
04/08/2008,Using Amazon S3 from Perl,Abel Lin,/2008/04/08/using-amazon-s3-from-perl.html,Final,Web Development,"S3, Amazon, web services, REST, cloud storage."
03/14/2008,Reverse Callback Templating,James Robson,/2008/03/14/reverse-callback-templating.html,Final,"Text Tools, Web Development","Template::Recall, templating, MVC, presentation."
02/13/2008,Elements of Access Control,Vladi Belperchinov-Shabanski,/2008/02/13/elements-of-access-control.html,Final,Security,"Access control, privacy, security, software development"
01/18/2008,How to Tell Your Perl Story (at OSCON),brian d foy,/2008/01/18/how-to-tell-your-perl-story.html,Final,Courses and Training,"OSCON, brian d foy, Perl Conference, lightning talks, conference sessions, conference."
12/21/2007,Memories of 20 Years of Perl,chromatic,/2007/12/21/20-years-of-perl.html,Final,Advocacy,"Perl, anniversary, programming stories, memories"
12/06/2007,"Programming is Hard, Let's Go Scripting...",Larry Wall,/2007/12/06/soto-11.html,Final,Larry Wall,"Larry Wall, Perl 5, Perl 6, scripting, worse is better, language design, programming languages, scripting languages, state of the onion."
09/21/2007,PDF Processing with Perl,Detlef Groth,/2007/09/20/pdf-processing-with-perl.html,Final,CPAN,"PDF, PDF::Reuse, PDF create, creating PDFs."
08/07/2007,Making Perl Reusable with Modules,Andy Sylvester,/2007/08/09/making-perl-modules.html,Final,"CPAN, Modules","Modules, CPAN, packaging, Perl reuse, Perl code, Perl distribution."
07/12/2007,Option and Configuration Processing Made Easy,Jon Allen,/2007/07/12/options-and-configuration.html,Final,"CPAN, Modules","Getopt::Long, Getopt::Argvfile, getopt, argument processing, CLI, configuration files."
06/07/2007,Better Code Through Destruction,Igor Gariev,/2007/06/07/better-code-through-destruction.html,Final,"CPAN, Modules","RAII, Object::Destructor, reference counting, Perl memory leaks, Perl memory management."
05/10/2007,Everyday Perl 6,Jonathan Scott Duff,/2007/05/10/everyday-perl-6.html,Final,Perl 6,"Perl 6, Pugs, Perl 5, Parrot."
04/12/2007,Lightning Strikes Four Times,"Shlomi Fish, brian d foy, Bob Free, Mike Friedman",/2007/04/12/lightning-four.html,Final,"C and Perl, CPAN, Games, Graphics, Modules","OpenGL, GLUT, AOP, cross-cutting concerns, subroutine attributes, test counts, Test::Count, POGL."
03/01/2007,The Beauty of Perl 6 Parameter Passing,Phil Crow,/2007/03/01/perl-6-parameter-passing.html,Final,Perl 6,"Perl 6, Pugs, Parrot, subroutines, parameter passing, Perl, synopses, exegeses"
02/01/2007,Advanced HTML::Template: Widgets,Philipp Janert,/2007/02/02/htmltemplate-widgets.html,Final,"Web Development, Web/CGI","HTML::Template, widgets, HTML templating, Perl templating, web templates"
01/11/2007,Painless Windows Module Installation with PPM,Josh Stroschein,/2007/01/11/painless-ppm.html,Final,Win32,"PPM, CPAN, Perl Windows, ActiveState Perl, PPM repositories, PPM installation"
12/21/2006,Using Java Classes in Perl,Andrew Hanenkamp,/2006/12/21/using-java-classes.html,Final,Java,"JCR, Inline::Java, Java classes, Perl bindings, Java bindings."
11/30/2006,Advanced HTML::Template: Filters,Philipp Janert,/2006/11/30/html-template-filters.html,Final,"Web Development, Web/CGI","HTML::Template, filters, HTML templating, Perl templating."
11/02/2006,Hash Crash Course,Simon Cozens,/2006/11/02/all-about-hashes.html,Final,,"Hashes, hash tables, Perl data structures, Perl patterns, Perl variables, Perl syntax."
10/19/2006,Rapid Website Development with CGI::Application,Mark Stosberg,/2006/10/19/cgi_application.html,Final,Web/CGI,"CGI::Application, Perl frameworks, Perl web applications, web development."
09/21/2006,The State of the Onion 10,Larry Wall,/2006/09/21/onion.html,Final,"Advocacy, Larry Wall, Open Source, Perl 6","State of the Onion, Perl status, Perl 6, Perl 5, Perl 6 on Perl 5, Perl humor, Larryisms."
08/03/2006,Generating UML and Sequence Diagrams,Phil Crow,/2006/08/03/sequence-diagrams.html,Final,"Java, Objects","UML, sequence diagrams, diagramming code, Perl and Java, UML::Sequence."
07/13/2006,Still More Perl Lightning Articles,"chromatic, Phil Crow, Josh McAdams, Steven Schubiger",/2006/07/13/lightning-articles.html,Final,"CPAN, Installation, Java, User Interfaces","Perl lightning articles, Perl tricks, Java::Swing, Module::Build::Convert, Perl scripts, Perl modules, Test::MockObject::Extends, mock objects, Test::Class, refactoring tests, test organization."
06/01/2006,FEAR-less Site Scraping,Yung-chung Lin,/2006/06/01/fear-api.html,Final,Web/CGI,"Web scraping, web spiders, web robots, DSL, domain-specific languages, FEAR, FEAR::API."
05/04/2006,Charting Data at the Bottom of the World,Alex Gough,/2006/05/04/charting-data.html,Final,Graphics,"Charting, Graphing, Perl graphs, Chart module, Perl programming, Antarctic research, Antarctic Perl."
04/06/2006,Unraveling Code with the Debugger,Daniel Allen,/2006/04/06/debugger.html,Final,Debugging,"Perl debugger, debugging, Perl maintenance, maintenance coding, bug fixing, tracing."
03/02/2006,Using Ajax from Perl,Dominic Mitchell,/2006/03/02/ajax_and_perl.html,Final,Web Development,"Ajax, Perl, REST and Perl, CGI::Ajax, Perl web programming, Perl and JavaScript."
02/23/2006,Advanced Subroutine Techniques,Rob Kinyon,/2006/02/23/advanced_subroutines.html,Final,Tutorials,"Perl subroutines, Perl functions, Perl code reuse, Perl tutorial."
02/16/2006,Managing Rich Data Structures,Dave Baker,/2006/02/16/mldbm.html,Final,"CPAN, Data Structures","MLDBM, persistence, data persistence, references, nested data structures, DBM."
02/09/2006,Debugging and Profiling mod_perl Applications,Frank Wiles,/2006/02/09/debug_mod_perl.html,Final,mod_perl,"mod_perl, Apache::DB, Apache::DProf, Apache::SmallProf"
02/02/2006,Test-Driving X11 GUIs,George Nistorica,/2006/02/02/x11_gui_testing.html,Final,User Interfaces,"GUI testing, Perl testing, automated testing, X11 testing, GUI automation, Perl automation, X11::GUITest."
01/26/2006,More Advancements in Perl Programming,Simon Cozens,/2006/01/26/more_advanced_perl.html,Final,Modules,"Advanced Perl, Perl modules, OO Perl, Perl accessors, Perl parsing, HTML parsing, NLP, Natural Language Processing, Perl NLP, Perl events, POE, Perl testing, Perl NCI, Perl XS, Perl shared libraries."
01/19/2006,Analyzing HTML with Perl,Kendrew Lau,/2006/01/19/analyzing_html.html,Final,School,"Perl parsing, parsing HTML, Perl assignments, HTML assignments. Perl HTML."
01/12/2006,What Is Perl 6,chromatic,/2006/01/12/what_is_perl_6.html,Final,Perl 6,"Perl 6, Perl, Perl design, language design, programming languages, Pugs, Parrot, Ponie."
01/05/2006,Lexing Your Data,Curtis Poe,/2006/01/05/parsing.html,Final,Regular Expressions,"Lexing, parsing, regular expressions, building parsers, grammars."
12/21/2005,A Timely Start,Jean-Louis Leroy,/2005/12/21/a_timely_start.html,Final,Modules,"Perl profiling, Perl optimization, Perl installation, Perl administration."
12/15/2005,Logic Programming with Perl and Prolog,Robert Pratte,/2005/12/15/perl_prolog.html,Final,Programming,"Prolog, Perl, AI::Prolog, Perl logic programming, GraphViz."
12/08/2005,Testing Files and Test Modules,Phil Crow,/2005/12/08/test_files.html,Final,Files,"File testing, Perl testing, Perl test modules, Test::Files, Test::Builder, Test::Builder::Tester."
12/01/2005,Perl Success Story: Client-Side Collection and Reporting,Jiann Wang,/2005/12/01/client_side_success.html,Final,"Binaries, Business, Win32","Perl, PerlApp, client-side Perl, Hitachi GST, Windows Perl, Perl registry."
11/23/2005,Document Modeling with Bricolage,David Wheeler,/2005/11/23/bricolage_analysis.html,Final,Dynamic Content,"Bricolage, document modeling, content management, open source CMS, CMS workflow."
11/17/2005,Building E-Commerce Sites with Handel,Christopher H. Laco,/2005/11/17/handel.html,Final,"Web Development, Web/CGI","Handel, Catalyst, e-commerce, Perl web programming, Perl web frameworks, Perl Catalyst."
11/03/2005,Making Sense of Subroutines,Rob Kinyon,/2005/11/03/subroutines.html,Final,"Programming, Tutorials","Perl subroutines, functional Perl programming, Perl FP, Perl subs, Perl style, Perl tips, Perl tutorial."
10/20/2005,Data Munging for Non-Programming Biologists,"Amir Karger, Eitan Rubin",/2005/10/20/scriptome.html,Final,Biology,"Perl bioinformatics, bioinformatics, data munging, Scriptome, bioperl, Perl biology, Perl data munging."
10/06/2005,Making Menus with wxPerl,Roberto Alamos,/2005/10/06/wxperl_menus.html,Final,"Graphics, Programming, User Interfaces","wxPerl, Perl GUI programming, wxWidgets, Perl menus, Perl GUI, Perl wxWidgets."
09/22/2005,The State of the Onion 9,Larry Wall,/2005/09/22/onion.html,Final,"Advocacy, Larry Wall, Open Source, Perl 6","State of the Onion, Perl status, Perl 6, Perl programmers, Perl spies, Perl humor, Larryisms."
09/08/2005,Perl Internationalization and Haskell: An Interview with Autrijus Tang,Edd Dumbill,/2005/09/08/autrijus-tang.html,Final,,"Autrijus Tang, Perl Internationalization, Pugs, Haskell, Gettext bindings, CPAN, EuroOSCON, European Open Source Convention, Edd Dumbill "
08/25/2005,Perl Needs Better Tools,Matisse Enzer,/2005/08/25/tools.html,Final,"Editors, Tools","Perl IDE, Perl development, Perl refactoring, Perl tools, EPIC."
08/25/2005,"This Week in Perl 6, August 17-23, 2005",Matt Fowles,/2005/08/p6pdigest/20050825.html,Final,,"Perl 6, internals, Parrot, compiler, Pugs, VM development"
08/18/2005,Parsing iCal Data,Robert Pratte,/2005/08/18/ical_dot.html,Final,Statistics,"iCal, Perl glue language, iCalendar, calendar visualization, dot, GraphViz."
08/18/2005,"This Week in Perl 6, Through August 14, 2005",Piers Cawley,/2005/08/p6pdigest/20050818.html,Final,,"Perl 6, internals, Parrot, compiler, PGE, Pugs, VM development."
08/15/2005,Important Notice for Perl.com Readers About O'Reilly RSS and Atom Feeds,perl.com,/2005/08/15/syndication_update.html,Final,,
08/11/2005,Automated GUI Testing,George Nistorica,/2005/08/11/win32guitest.html,Final,Win32,"GUI testing, GUI automation, Perl automation, Windows automation, Windows scripting, Perl testing, Perl Windows, Perl modules, Win32::GuiTest."
08/11/2005,"This Week in Perl 6, August 2-9, 2005",Matt Fowles,/2005/08/p6pdigest/20050811.html,Final,,"Perl 6, internals, Parrot, compiler, Pugs, VM development."
08/08/2005,"This Week in Perl 6, through August 2, 2005",Piers Cawley,/2005/08/p6pdigest/20050804.html,Final,,"Perl 6, internals, Parrot, compiler, PGE, Pugs, VM development."
08/04/2005,"Building a 3D Engine in Perl, Part 4",Geoff Broadwell,/2005/08/04/3d_engine.html,Final,Games,"Perl game programming, Perl 3D, Perl graphics, Perl SDL, Perl OpenGL, OpenGL tutorial, OpenGL lighting, OpenGL viewpoint."
07/28/2005,Porting Test::Builder to Perl 6,chromatic,/2005/07/28/test_builder_p6.html,Final,"Perl 6, Porting","Perl 6, Pugs, Test::Builder, Perl 6 modules, porting to Perl 6, Test-Driven Design of Perl 6, Parrot, Refactoring."
07/28/2005,"This Week in Perl 6, July 20-26, 2005",Matt Fowles,/2005/07/p6pdigest/20050728.html,Final,,"Perl 6, internals, Parrot, compiler, Pugs, VM development."
07/21/2005,An Introduction to Test::MockDBI,Mark Leighton Fisher,/2005/07/21/test_mockdbi.html,Final,Databases,"Database testing, Perl testing, Perl automated testing, DBI testing, mock objects, Test::MockDBI."
07/21/2005,"This Week in Perl 6, July 13-19, 2005",Piers Cawley,/2005/07/p6pdigest/20050721.html,Final,,"Perl 6, internals, Parrot, compiler, PGE, Pugs, VM development."
07/14/2005,Ten Essential Development Practices,Damian Conway,/2005/07/14/bestpractices.html,Final,"Programming, Style Guides, Troubleshooting","Perl style, serious Perl, Perl best practices, Perl discipline, Perl development, maintainable Perl."
07/14/2005,"This Week in Perl 6, July 5-12, 2005",Matt Fowles,/2005/07/p6pdigest/20050714.html,Final,,"Perl 6, internals, Parrot, compiler, Pugs, VM development."
07/07/2005,Building Navigation Menus,Shlomi Fish,/2005/07/07/navwidgets.html,Final,"Dynamic Content, Web Development","HTML Navigation, HTML menus, HTML design, Perl HTML modules, HTML::Widgets::NavMenu."
07/07/2005,"This Week in Perl 6, June 29-July 5, 2005",Piers Cawley,/2005/07/p6pdigest/20050707.html,Final,,"Perl 6, internals, Parrot, compiler, PGE, Pugs, VM development."
06/30/2005,Annotating CPAN,Ivan Tubert-Brohman,/2005/06/30/annocpan.html,Final,CPAN,"AnnoCPAN, Perl documentation, CPAN documentation, Perl module documentation, TPF, The Perl Foundation, TPF Grants, Perl grants."
06/30/2005,"This Week in Perl 6, June 21-28, 2005",Matt Fowles,/2005/06/p6pdigest/20050630.html,Final,,"Perl 6, internals, Parrot, compiler, Pugs, VM development."
06/23/2005,Data Munging with Sprog,Grant McLean,/2005/06/23/sprog.html,Final,"Graphics, Programming","Sprog, visual programming, data munging, Perl for non-programmers."
06/23/2005,"This Week in Perl 6, June 8-21, 2005",Piers Cawley,/2005/06/p6pdigest/20050623.html,Final,,"Perl 6, internals, Parrot, compiler, PGE, Pugs, VM development."
06/16/2005,Understanding and Using Iterators,Joshua Gatcomb,/2005/06/16/iterators.html,Final,"Data Structures, Programming, Tutorials","Iterators, iteration, Perl closures, Perl generators, Lisp and Perl, Functional Perl."
06/09/2005,Independently Parsing Perl,Adam Kennedy,/2005/06/09/ppi.html,Final,Editors,"Perl refactoring, Perl editors, Perl parser, PPI."
06/09/2005,"This Week in Perl 6, June 1-7, 2005",Piers Cawley,/2005/06/p6pdigest/20050608.html,Final,,"Perl 6, internals, Parrot, compiler, PGE, Pugs, VM development."
06/02/2005,Catalyst,Jesse Sheidlower,/2005/06/02/catalyst.html,Final,"Dynamic Content, Modules, Web Development","Catalyst, Perl MVC, Perl web apps, Perl web framework, MiniMojo, Perl wiki, Perl AJAX, Perl Ajax."
06/02/2005,"This Week in Perl 6, May 25, 2005-May 31, 2005",Matt Fowles,/2005/06/p6pdigest/20050602.html,Final,,"Perl 6, internals, Parrot, compiler, Pugs, VM development."
05/27/2005,"This Week in Perl 6, May 18 - 24, 2005",Piers Cawley,/2005/05/p6pdigest/20050526.html,Final,,"Perl 6, internals, Parrot, compiler, Pugs, VM development."
05/26/2005,Manipulating Word Documents with Perl,Andrew Savikas,/2005/05/26/word_control.html,Final,Win32,"Perl embed, Word manipulation, Word macro alternatives, invoke Perl on Windows."
05/19/2005,"This Week in Perl 6, May 3, 2005 - May 17, 2005",Matt Fowles,/2005/04/p6pdigest/20050519.html,Final,,"Perl 6, internals, Parrot, compiler, Pugs, VM development."
05/19/2005,Build a Wireless Gateway with Perl,Alptekin Cakircali,/2005/05/19/wireless_gw.html,Final,"Networking Applications, Sysadmin, System Administration Applications","AWLP, wireless gateway, Perl for system administration, Slackware."
05/12/2005,Inside YAPC::NA 2005,chromatic,/2005/05/12/rdice.html,Final,Community,"YAPC, YAPC::NA, Perl conference, Toronto, Toronto Perl Mongers, TPF, TPM, Perl Mongers, Richard Dice."
05/05/2005,Massive Data Aggregation with Perl,Fred Moyer,/2005/05/05/aggregation.html,Final,"Databases, Office/Business","Data aggregation, data warehousing, Perl XML, Perl RDF, SAX Machines, large Perl systems, enterprise Perl."
05/05/2005,"This Week in Perl 6, April 26 - May 3, 2005",Matt Fowles,/2005/04/p6pdigest/20050505.html,Final,,"Perl 6, internals, Parrot, compiler, Pugs, VM development."
05/02/2005,"This Week in Perl 6, April 20 - 26, 2005",Piers Cawley,/2005/04/p6pdigest/20050428.html,Final,,"Perl 6, internals, Parrot, compiler, Pugs, VM development."
04/28/2005,People Behind Perl: brian d foy,chromatic,/2005/04/28/bdfoy.html,Final,Advocacy,"brian d foy, The Perl Review, Perl hackers, JAPH, People Behind Perl."
04/21/2005,Automating Windows Applications with Win32::OLE,Henry Wasserman,/2005/04/21/win32ole.html,Final,Win32,"Windows automation, Perl and COM, Perl OLE, Win32::OLE, IE automation."
04/21/2005,"This Week in Perl 6, April 12 - 19, 2005",Matt Fowles,/2005/04/p6pdigest/20050421.html,Final,,"Perl 6, internals, Parrot, compiler, Pugs, VM development."
04/14/2005,Building Good CPAN Modules,Rob Kinyon,/2005/04/14/cpan_guidelines.html,Final,"CPAN, Modules","CPAN modules, writing open source Perl code, CPAN, Perl modules, compatibility, cross-platform, Perl porting."
04/14/2005,"This Week in Perl 6, April 4-11, 2005",Piers Cawley,/2005/04/p6pdigest/20050410.html,Final,,"Perl 6, internals, Parrot, compiler, Pugs, VM development."
04/07/2005,Perl Code Kata: Mocking Objects,Stevan Little,/2005/04/07/mockobject_kata.html,Final,Troubleshooting,"Perl Code Kata, Perl exercises, Perl testing, mock objects, Perl Test Kata, Test::MockObject."
04/07/2005,"This Fortnight in Perl 6, March 22 - April 3, 2005",Matt Fowles,/2005/04/p6pdigest/20050403.html,Final,,"Perl 6, internals, Parrot, compiler, Pugs, VM development."
03/31/2005,More Lightning Articles,"chromatic, Bob DuCharme, Shlomi Fish, Mark Leighton Fisher",/2005/03/31/lightning2.html,Final,"Databases, Debugging, Editors, Screen I/O","Lightning articles, Emacs and Perl, Emacs customization, Perl debugging, Devel::LineTrace, mock database, Test::MockDBI, Perl unbuffer, Perl buffering."
03/24/2005,"This Fortnight in Perl 6, March 7 - March 21, 2005",Matt Fowles,/2005/03/p6pdigest/20050321.html,Final,,"perl 6, internals, parrot, compiler"
03/24/2005,Automating Windows (DNS) with Perl,Thomas Herchenroeder,/2005/03/24/perl_dns.html,Final,"Sysadmin, System Administration Applications","Windows automation, dnscmd, DNS updates with Perl."
03/17/2005,Symbol Table Manipulation,Phil Crow,/2005/03/17/symtables.html,Final,Data Structures,"Symbol tables, no strict, dynamic variable names, global variables, symbolic references."
03/10/2005,"This Fortnight in Perl 6, Feb. 23 - March 7, 2005",Matt Fowles,/2005/03/p6pdigest/20050307.html,Final,,"perl 6, internals, parrot, compiler"
03/03/2005,A Plan for Pugs,chromatic,/2005/03/03/pugs_interview.html,Final,"Community, Compiler, Perl 6","Pugs, Perl 6, Haskell, Parsec, Autrijus Tang, perl6, camelfolk, lambdafolk, language implementation."
02/24/2005,"This Fortnight in Perl 6, Feb. 9-22, 2005",Matt Fowles,/2005/02/p6pdigest/20050222.html,Final,,"perl 6, internals, parrot, compiler"
02/24/2005,Perl and Mandrakelinux,Mark Stosberg,/2005/02/24/mandrakelinux.html,Final,"Linux, Sysadmin, System Administration Applications","Perl applications, Perl GUI, Perl and Linux, Mandrakelinux, Mandrake, Perl pumpking, Rafael Garcia-Suarez."
02/17/2005,"Building a 3D Engine in Perl, Part 3",Geoff Broadwell,/2005/02/17/3d_engine.html,Final,Games,"Perl game programming, Perl 3D, Perl graphics, Perl SDL, Perl OpenGL, OpenGL tutorial, OpenGL lighting, OpenGL viewpoint."
02/10/2005,Perl Code Kata: Testing Databases,Stevan Little,/2005/02/10/database_kata.html,Final,Databases,"Perl Code Kata, Perl exercises, Perl testing, Perl Test Kata, DBD::Mock, database testing, DBI testing."
02/10/2005,"This Week in Perl 6, Feb. 1 - 8, 2005",Matt Fowles,/2005/02/p6pdigest/20050208.html,Final,,"perl 6, internals, parrot, compiler"
02/03/2005,Throwing Shapes,Vladi Belperchinov-Shabanski,/2005/02/03/rpc_design.html,Final,Communications,"Flood control, Algorithm::FloodControl, event processing, Vladi Belperchinov-Shabanski."
02/03/2005,"This Fortnight in Perl 6, Jan. 19-31, 2005",Matt Fowles,/2005/02/p6pdigest/2005031.html,Final,,"perl 6, internals, parrot, compiler"
01/20/2005,The Phalanx Project,Andy Lester,/2005/01/13/phalanx.html,Final,"Community, CPAN, Perl 6","Phalanx, Perl QA, Perl testing, hoplies, Ponie, CPAN tests, Perl Mongers projects."
01/20/2005,"This Week in Perl 6, Jan. 11-18, 2005",Matt Fowles,/2005/01/p6pdigest/20050118.html,Final,,"perl 6, internals, parrot, compiler"
01/13/2005,An Introduction to Quality Assurance,Tom McTighe,/2005/01/13/quality_assurance.html,Final,"Bug Tracking/Reporting, Debugging","Perl testing, Perl QA, quality assurance, automated testing, test plans, test specifications, software quality."
01/13/2005,"This Week in Perl 6, January 03 - January 11, 2005",Matt Fowles,/2005/01/p6pdigest/20050111.html,Final,,"perl 6, internals, parrot, compiler"
01/06/2005,"This Fortnight in Perl 6, December 21 - 31 2004",Matt Fowles,/2005/01/p6pdigest/20051231.html,Final,,"perl 6, internals, parrot, compiler"
01/06/2005,Bricolage Configuration Directives,David Wheeler,/2005/01/06/bricolage_configuration.html,Final,Web Management,"bricolage, cms, Bricolage configuration, Bricolage directives, cpan installation, mod_perl installation, content management"
12/29/2004,"This Fortnight in Perl 6, December 7-20 2004",Matt Fowles,/2004/12/p6pdigest/20041227.html,Final,,"perl 6, internals, parrot, compiler"
12/29/2004,"Building a 3D Engine in Perl, Part 2",Geoff Broadwell,/2004/12/29/3d_engine.html,Final,Games,"Perl game programming, Perl 3D, Perl graphics, Perl SDL, Perl OpenGL, OpenGL tutorial, Geoff Broadwell."
12/22/2004,Introducing mod_parrot,Jeff Horwitz,/2004/12/22/mod_parrot.html,Final,"Perl 6, Web Development","mod_parrot, Parrot, Apache modules, Perl 6, mod_perl."
12/16/2004,Perl Code Kata: Testing Imports,chromatic,/2004/12/16/import_kata.html,Final,"Programming, Tutorials","Perl code kata, code kata, Perl testing, Perl modules, import(), exporting, Perl exercises."
12/09/2004,The Evolution of ePayment Services at UB,Jim Brandt,/2004/12/09/epayment.html,Final,"Advocacy, Finance, Java, School","Perl evangelism, Inline::Java, Perl electronic payment, Perl billing, University of New York at Buffalo, Perl Success Stories."
12/09/2004,"This Fortnight in Perl 6, December 1 - 6 2004",Matt Fowles,/2004/12/p6pdigest/20041209.html,Final,,"perl 6, internals, parrot, compiler"
12/02/2004,"This Fortnight in Perl 6, November 16-30 2004",Matt Fowles,/2004/12/p6pdigest/20041202.html,Final,,"perl 6, internals, parrot, compiler"
12/01/2004,Building a 3D Engine in Perl,Geoff Broadwell,/2004/12/01/3d_engine.html,Final,Games,"Perl game programming, Perl 3D, Perl graphics, Perl SDL, Perl OpenGL, OpenGL tutorial, Geoff Broadwell."
11/24/2004,Perl Debugger Quick Reference,Richard Foley,/2004/11/24/debugger_ref.html,Final,Debugging,"Perl debugger, Perl reference card, debugger reference, Perl Debugger Pocket Reference, Richard Foley."
11/18/2004,Cross-Language Remoting with mod_perlservice,Michael Collins,/2004/11/18/mod_perlservice.html,Final,Networking Applications,"mod_perlservice, Perl remoting, mod_perl, Perl server, Michael W. Collins."
11/18/2004,"This Week in Perl 6, November 9 - 15 2004",Matt Fowles,/2004/11/p6pdigest/20041115.html,Final,,"perl 6, internals, parrot, compiler"
11/11/2004,Implementing Flood Control,Vladi Belperchinov-Shabanski,/2004/11/11/floodcontrol.html,Final,"Modules, Networking Applications","Flood control, Algorithm::FloodControl, event processing, Vladi Belperchinov-Shabanski."
11/11/2004,"This Week in Perl 6, November 2 - 8 2004",Matt Fowles,/2004/11/p6pdigest/20041108.html,Final,,"perl 6, internals, parrot, compiler"
11/04/2004,Komodo 3.0 Review,Jason Purdy,/2004/11/04/komodo3.html,Final,Editors,"Komodo, Perl IDE, ActiveState, product reviews, Komodo 3.0, Jason Purdy."
11/04/2004,"This Fortnight on Perl 6, October 2004 Part Two",Matt Fowles,/2004/11/p6pdigest/20041131.html,Final,,"perl 6, internals, parrot, compiler"
10/28/2004,Installing Bricolage,David Wheeler,/2004/10/28/bricolage_installation.html,Final,Web Management,"bricolage,cms, cpan installation, mod_perl installation, content management"
10/28/2004,"This Fortnight on Perl 6, October 2004",Matt Fowles,/2004/10/p6pdigest/20041017.html,Final,,"perl 6, internals, parrot, compiler"
10/21/2004,Perl Code Kata: Testing Taint,chromatic,/2004/10/21/taint_testing_kata.html,Final,"Programming, Tutorials","Perl code kata, code kata, Perl testing, Perl taint, Perl exercises, chromatic."
10/14/2004,FMTYEWTK About Mass Edits In Perl,Geoff Broadwell,/2004/10/14/file_editing.html,Final,"Files, Text Tools","Perl file editing, command line file editing, FMTYEWTK, Geoff Broadwell."
10/07/2004,Why Review Code?,Luke Schubert,/2004/10/07/code_reviews.html,Final,"Modules, Open Source, Regular Expressions","Code reviews, good Perl code, reading code, Math::Complex, Luck Schubert."
09/30/2004,Don't Be Afraid to Drop the SOAP,Sam Tregar,/2004/09/30/drop_the_soap.html,Final,"HTTP, Networking Applications, Web Development, XML","SOAP, web services, remote APIs, Bricolage, Krang, Perl SOAP, Perl XML, Sam Tregar."
09/28/2004,"This Week on Perl 6, Week Ending 2004-09-24",Piers Cawley,/2004/09/p6pdigest/20040926.html,Final,,"perl 6, internals, parrot"
09/23/2004,Building a Finite State Machine Using DFA::Simple,Bill Ruppert,/2004/09/23/fsms.html,Final,"CPAN, Modules","FSMs, finite state machines, DFAs, Perl, state machine, DFA::Simple, CPAN modules, FSM, William Ruppert."
09/23/2004,"This Week on Perl 6, Week Ending 2004-09-17",Piers Cawley,/2004/09/p6pdigest/20040917.html,Final,,"perl 6, internals, parrot"
09/16/2004,Embedded Databases,Philipp Janert,/2004/09/12/embedded.html,Final,Databases,"Perl databases, Perl DBI, SQLite, BerkeleyDB, Tie::File, Phillip Janert."
09/16/2004,"This Week on Perl 6, Week Ending 2004-09-10",Piers Cawley,/2004/09/p6pdigest/20040910.html,Final,,"perl 6, internals, parrot"
09/09/2004,Lightning Articles,"Simon Cozens, Mark Fowler, Ricardo Signes, Aaron Trevena",/2004/09/09/lightning.html,Final,,
09/09/2004,"This Week on Perl 6, Week Ending 2004-09-03",Piers Cawley,/2004/09/p6pdigest/20040903.html,Final,,"perl 6, internals, parrot"
09/03/2004,"This Week on Perl 6, Week Ending 2004-08-27",Piers Cawley,/2004/08/p6pdigest/20040827.html,Hold,,"perl 6, internals, parrot"
08/31/2004,Hacking Perl in Nightclubs,Alex Mclean,/2004/08/31/livecode.html,Final,,
08/27/2004,Content Management with Bricolage,David Wheeler,/2004/08/27/bricolage.html,Final,Web Management,"bricolage,cms,content management"
08/26/2004,"This Week on Perl 6, Week Ending 2004-08-20",Piers Cawley,/2004/08/p6pdigest/20040820.html,Final,,"perl 6, internals, parrot"
08/19/2004,The State of the Onion,Larry Wall,/2004/08/18/onion.html,Final,"Community, Graphics, Language Development, Larry Wall, Perl 6","State of the Onion, TPC, Perl 5, Perl 6, Perl, Larry Wall."
08/10/2004,Perl Command-Line Options,Dave Cross,/2004/08/09/commandline.html,Final,Tools,
08/06/2004,"This Week on Perl 6, Week Ending 2004-07-31",Piers Cawley,/2004/07/p6pdigest/20040731.html,Final,,"perl 6, internals, parrot"
07/30/2004,Giving Lightning Talks,Mark Fowler,/2004/07/30/lightningtalk.html,Final,"Advocacy, Community, Tutorials","OSCON, YAPC, Lightning Talk"
07/23/2004,Building Applications with POE,Matt Cashner,/2004/07/22/poe.html,Final,Modules,"poe, event-driven"
07/23/2004,"This Week on Perl 6, Week Ending 2004-07-18",Piers Cawley,/2004/07/p6pdigest/20040718.html,Final,,"perl 6, internals, parrot"
07/15/2004,Accessible Software,Jouke Visser,/2004/07/14/accessibility.html,Final,User Interfaces,"accessible, disabled, pvoice"
07/12/2004,Autopilots in Perl,Jeffrey Goff,/2004/07/09/xplane.html,Final,Games,"x-plane,xplane,flight simulator"
07/09/2004,"This Week on Perl 6, Week Ending 2004-07-04",Piers Cawley,/2004/07/p6pdigest/20040704.html,Final,,"perl 6, internals, parrot"
07/02/2004,"This Week on Perl 6, Week Ending 2004-06-27",Piers Cawley,/2004/07/p6pdigest/20040702.html,Final,,"perl 6, internals, parrot"
07/02/2004,Application Design with POE,Matt Cashner,/2004/07/02/poeintro.html,Final,Modules,"poe,session,thread"
06/24/2004,"This Week on Perl 6, Fortnight Ending 2004-06-21",Piers Cawley,/2004/06/p6pdigest/20040621.html,Final,,"perl 6, internals, parrot"
06/24/2004,Profiling Perl,Simon Cozens,/2004/06/25/profiling.html,Final,Programming,"profiling,optimization,speed,profiler"
06/18/2004,Perl's Special Variables,Dave Cross,/2004/06/18/variables.html,Final,Files,"variables,file handling"
06/10/2004,The Evolution of Perl Email Handling,Simon Cozens,/2004/06/10/email.html,Final,Email,"email,mail,filtering,spamassassin"
06/09/2004,"This Week on Perl 6, Fortnight Ending 2004-06-06",Piers Cawley,/2004/06/p6pdigest/20040606.html,Final,,"perl 6, internals, parrot"
06/04/2004,Web Testing with HTTP::Recorder,Linda Julien,/2004/06/04/recorder.html,Final,"Tools, Web Development","web,testing,recorder,proxy"
05/28/2004,Return of Quiz of the Week,Simon Cozens,/2004/05/28/testing.html,Final,Community,"qotw,quiz,recipes"
05/27/2004,"This Week on Perl 6, Week Ending 2004-05-23",Piers Cawley,/2004/05/p6pdigest/20040523.html,Final,,"perl 6, internals, parrot"
05/21/2004,An Interview with Allison Randal,Simon Cozens,/2004/05/19/allison.html,Final,Community,"perl foundation, Allison Randal, tpf"
05/14/2004,Affrus: An OS X Perl IDE,Simon Cozens,/2004/05/14/affrus.html,Final,Tools,"affrus,ide,komodo, Unix editors, OS X IDE"
05/14/2004,"This Week on Perl 6, Week Ending 2004-05-09",Piers Cawley,/2004/05/p6pdigest/20040509.html,Final,,"perl 6, internals, parrot"
05/07/2004,Building Testing Libraries,Casey West,/2004/05/07/testing.html,Final,Modules,"testing, test, harness"
05/07/2004,"This Week on Perl 6, Week Ending 2004-05-02",Piers Cawley,/2004/05/p6pdigest/20040502.html,Final,,"perl 6, internals, parrot"
04/29/2004,Rapid Web Application Deployment with Maypole : Part 2,Simon Cozens,/2004/04/29/maypole.html,Final,Web Development,"maypole, mvc"
04/29/2004,"This Week on Perl 6, Week Ending 2004-04-25",Piers Cawley,/2004/04/p6pdigest/20040425.html,Final,,"perl 6, internals, parrot"
04/22/2004,Rapid Web Application Deployment with Maypole,Simon Cozens,/2004/04/15/maypole.html,Final,Web Development,"maypole, mvc"
04/22/2004,"This Fortnight on Perl 6, Weeks Ending 2004-04-18",Piers Cawley,/2004/04/p6pdigest/20040418.html,Final,,"perl 6, internals, parrot"
04/16/2004,Apocalypse 12,Larry Wall,/2004/04/16/a12.html,Final,Perl 6,
04/08/2004,Using Bloom Filters,Maciej Ceglowski,/2004/04/08/bloom_filters.html,Final,Data Structures,"Bloom filters, set membership, Text::Bloom, Bloom16, LOAF, Maciej Ceglowski"
04/04/2004,"This week on Perl 6, week ending 2004-04-04",Piers Cawley,/2004/04/p6pdigest/20040404.html,Final,,"perl 6,internals,parrot"
04/01/2004,Photo Galleries with Mason and Imager,Casey West,/2004/04/01/masongal.html,Final,"Graphics, Web Development","mason,imager,galleries"
03/28/2004,"This week on Perl 6, week ending 2004-03-28",Piers Cawley,/2004/03/p6pdigest/20040328.html,Final,,perl 6 internals parrot
03/25/2004,Making Dictionaries with Perl,Sean M. Burke,/2004/03/25/dictionaries.html,Final,Lingua,"rtf,languages,linguistics,dictionaries"
03/21/2004,"This week on Perl 6, week ending 2004-03-21",Piers Cawley,/2004/03/p6pdigest/20040321.html,Final,,perl 6 internals parrot
03/18/2004,Synopsis 3,Luke Palmer,/2004/03/18/synopsis3.html,Final,Perl 6,"perl 6,operators,synopsis"
03/14/2004,"This week on Perl 6, week ending 2004-03-14",Piers Cawley,/2004/03/p6pdigest/20040314.html,Final,Perl 6,perl 6 internals parrot
03/11/2004,Simple IO Handling with IO::All,Brian Ingerson,/2004/03/12/ioall.html,Final,Files,"io,filehandle"
03/07/2004,"This week on Perl 6, week ending 2004-03-07",Piers Cawley,/2004/03/p6pdigest/20040307.html,Final,,perl 6 internals parrot
03/04/2004,Distributed Version Control with svk,Chia-liang Kao,/2004/03/03/svk.html,Final,Version Control Systems,"svk, subversion, svn, version control"
02/29/2004,"This week on Perl 6, week ending 2004-02-29",Piers Cawley,/2004/02/p6pdigest/20040229.html,Final,Perl 6,perl 6 internals parrot
02/27/2004,Exegesis 7,Damian Conway,/2004/02/27/exegesis7.html,Final,Perl 6,"perl 6, formats, exegesis, damian conway,"
02/22/2004,"This week on Perl 6, week ending 2004-02-22",Piers Cawley,/2004/02/p6pdigest/20040222.html,Final,Perl 6,perl 6 internals parrot
02/19/2004,Find What You Want with Plucene,Simon Cozens,/2004/02/19/plucene.html,Final,Web Development,plucene lucene search
02/15/2004,"This week on Perl 6, week ending 2004-02-15",Piers Cawley,/2004/02/p6pdigest/20040215.html,Final,Perl 6,perl 6 internals parrot
02/13/2004,Mail to WAP Gateways,Pete Sergeant,/2004/02/13/mbox2wap.html,Final,Mail and USENET News,"WAP, mobile mail, mail to WAP gateway, email WAP, cellphone email, cellphone mail"
02/08/2004,"This week on Perl 6, week ending 2004-02-08",Piers Cawley,/2004/02/p6pdigest/20040208.html,Final,Perl 6,perl 6 internals parrot
02/05/2004,Siesta Mailing List Manager,Simon Wistow,/2004/02/05/siesta.html,Final,Email,"siesta, mlm, mailman, ezmlm, perl mail, majordomo, perl mailing list, mailing list manager"
02/01/2004,"This week on Perl 6, week ending 2004-02-01",Piers Cawley,/2004/02/p6pdigest/20040201.html,Final,Perl 6,perl 6 internals parrot
01/30/2004,How We Wrote the Template Toolkit Book ...,Dave Cross,/2004/01/30/ttbook.html,Final,Text Tools,"template toolkit, perl template toolkit, perl documentation, template toolkit book, dave cross, andy wardley, darren chamberlain"
01/25/2004,"This week on Perl 6, week ending 2004-01-25",Piers Cawley,/2004/01/p6pdigest/20040125.html,Final,Perl 6,perl 6 internals parrot
01/23/2004,Introducing Mac::Glue,"Simon Cozens, Chris Nandor",/2004/01/23/macglue.html,Final,Macintosh,"mac applications, scripting, perl mac apps, perl for macs, mac::glue"
01/16/2004,Maintaining Regular Expressions,Aaron Mackey,/2004/01/16/regexps.html,Final,Regular Expressions,"regexp, regex brackets, regular expressions, perl, perl brackets, brackets"
01/11/2004,"This week on Perl 6, week ending 2004-01-11",Piers Cawley,/2004/01/p6pdigest/20040111.html,Final,Perl 6,perl 6 internals parrot
01/09/2004,The State of Perl,Adam Turoff,/2004/01/09/survey.html,Final,Community,perl future directions
01/04/2004,"This week on Perl 6, week ending 2004-01-04",Piers Cawley,/2004/01/p6pdigest/20040104.html,Final,Perl 6,perl 6 internals parrot
12/18/2003,"Blosxoms, Bryars and Blikis",Simon Cozens,/2003/12/18/bryar.html,Final,Web Development,"blog, wiki, bliki, blosxom, bryar, social software"
12/14/2003,"This week on Perl 6, week ending 2003-12-14",,/2003/12/p6pdigest/20031214.html,Draft,Perl 6,perl 6 internals parrot
12/07/2003,"This week on Perl 6, week ending 2003-12-07",Piers Cawley,/2003/12/p6pdigest/20031207.html,Final,Perl 6,perl 6 internals parrot
12/05/2003,How Perl Powers the Squeezebox,Simon Cozens,/2003/12/05/slimp3.html,Final,Business,"mp3, slimp3, squeezebox, slim devices, SLIMP3, perl, wireless mp3, perl mp3"
11/30/2003,"This week on Perl 6, week ending 2003-11-30",Piers Cawley,/2003/11/p6pdigest/20031130.html,Final,Perl 6,perl 6 internals parrot
11/23/2003,"This fortnight on Perl 6, week ending 2003-11-23",Piers Cawley,/2003/11/p6pdigest/20031123.html,Final,Perl 6,perl 6 internals parrot
11/21/2003,Perl Slurp-Eaze,Uri Guttman,/2003/11/21/slurp.html,Final,Files,slurp slurping file io
11/17/2003,Solving Puzzles with LM-Solve,Shlomi Fish,/2003/11/17/lmsolve.html,Final,Games,games puzzles logic maze
11/09/2003,"This week on Perl 6, week ending 2003-11-09",Piers Cawley,/2003/11/p6pdigest/20031109.html,Final,Perl 6,perl 6 internals parrot
11/07/2003,Bringing Java into Perl,Phil Crow,/2003/11/07/java.html,Final,Java,Java Inline
11/02/2003,"This week on Perl 6, week ending 2003-11-02",Piers Cawley,/2003/11/p6pdigest/20031102.html,Final,Perl 6,perl 6 internals parrot
10/31/2003,Open Guides,Kake Pugh,/2003/10/31/openguides.html,Final,Community,wiki openguides
10/26/2003,"This week on Perl 6, week ending 2003-10-26",Piers Cawley,/2003/10/p6pdigest/20031026.html,Final,Perl 6,perl 6 internals parrot
10/23/2003,Database Programming with Perl,Simon Cozens,/2003/10/23/databases.html,Final,Databases,"dbi, databases, rdbms, relational databases"
10/19/2003,"This week on Perl 6, week ending 2003-10-19",Piers Cawley,/2003/10/p6pdigest/20031019.html,Final,Perl 6,perl 6 internals parrot
10/15/2003,"A Chromosome at a Time with Perl, Part 2",James D. Tisdall,/2003/10/15/bioinformatics.html,Final,,"perl, bioinformatics, bioperl, subroutines, genome, gigabases, chromosome, perl and bioinformatics"
10/12/2003,"This week on Perl 6, week ending 2003-10-12",Piers Cawley,/2003/10/p6pdigest/20031012.html,Final,Perl 6,perl 6 internals parrot
10/09/2003,A Refactoring Example,Michael Schwern,/2003/10/09/refactoring.html,Final,Style Guides,"refactoring, optimization, speed, faster, perl, refactoring techniques"
10/03/2003,Identifying Audio Files with MusicBrainz,Paul Mison,/2003/10/03/musicbrainz.html,Final,Music,"mp3, music, musicbrainz, cddb, freedb"
09/25/2003,Adding Search Functionality to Perl Applications,Aaron Trevena,/2003/09/25/searching.html,Final,Databases,searching search reverse index
09/21/2003,"This week on Perl 6, week ending 2003-09-21",Piers Cawley,/2003/09/p6pdigest/20030921.html,Final,Perl 6,perl 6 internals parrot
09/17/2003,"Cooking with Perl, Part 3",,/2003/09/17/perlcookbook.html,Final,,"Perl Cookbook, perl, extracting  table data, making simple changes to elements or text, templating with HTML::Mason, Tom Christiansen, Nathan Torkington "
09/14/2003,"This week on Perl 6, week ending 2003-09-14",Piers Cawley,/2003/09/p6pdigest/20030914.html,,Perl 6,perl 6 internals parrot
09/11/2003,"A Chromosome at a Time with Perl, Part 1",James D. Tisdall,/2003/09/10/bioinformatics.html,Final,Biology,"bioinformatics, biological sequence data, James Tisdall, Tisdall, perl for bioinformatics"
09/07/2003,"This week on Perl 6, week ending 2003-09-07",Piers Cawley,/2003/09/p6pdigest/20030907.html,Final,Perl 6,perl 6 internals parrot
09/03/2003,"Cooking with Perl, Part 2","Tom Christiansen, Nathan Torkington",/2003/09/03/perlcookbook.html,Final,,"Perl Cookbook, perl, using SQL without a database server, sending attachments in email, Tom Christiansen, Nathan Torkington "
08/31/2003,"This week on Perl 6, week ending 2003-08-31",Piers Cawley,/2003/08/p6pdigest/20030831.html,Final,Perl 6,perl 6 internals parrot
08/23/2003,Using Perl to Enable the Disabled,Jouke Visser,/2003/08/28/pvoice.html,Final,Communications,"pVoice, disabled speech, Perl, Jouke Visser"
08/21/2003,Cooking with Perl,"Tom Christiansen, Nathan Torkington",/2003/08/21/perlcookbook.html,Final,,"Perl, matching nested patterns, patterns, pretending a string is a file, file contents, Perl Cookbook, Cooking with Perl, Tom Christiansen, Nathan Torkington,  "
08/17/2003,"This week on Perl 6, week ending 2003-08-17",Piers Cawley,/2003/08/p6pdigest/20030817.html,Final,Perl 6,perl 6 internals parrot
08/15/2003,"Perl Design Patterns, Part 3",Phil Crow,/2003/08/15/design3.html,Final,Programming,"patterns, Perl, Phil Crow, patterns in Perl, Perl programming"
08/07/2003,"Perl Design Patterns, Part 2",Phil Crow,/2003/08/07/design2.html,Final,Programming,"patterns, Perl, Phil Crow, patterns in Perl, Perl programming"
08/03/2003,"This week on Perl 6, week ending 2003-08-03",Piers Cawley,/2003/08/p6pdigest/20030803.html,Final,Perl 6,perl 6 internals parrot
07/29/2003,Spreading Activation Searches,Maciej Ceglowski,/2003/07/29/spreading.html,,Web Development,searching spreading activation google pagerank search engine
07/29/2003,Exegesis 6,Damian Conway,/2003/07/29/exegesis6.html,Final,Perl 6,"Perl 6, subroutines, Apocalypse 6, Exegesis 6, Damian Conway"
07/22/2003,Overloading,Dave Cross,/2003/07/22/overloading.html,Final,Objects,"operator overloading, Perl overloading mechanism, overload.pm"
07/20/2003,"This week on Perl 6, week ending 2003-07-20",Piers Cawley,/2003/06/p6pdigest/20030720.html,Final,Perl 6,perl 6 internals parrot
07/16/2003,State of the Onion 2003,Larry Wall,/2003/07/16/soto2003.html,Final,Larry Wall,"perl, larry wall, state of the onion, ponie, perl 6, parrot"
07/15/2003,How to Avoid Writing Code,Kake Pugh,/2003/07/15/nocode.html,Final,Web Development,template database sql dbi
07/13/2003,"This week on Perl 6, week ending 2003-07-13",Piers Cawley,/2003/06/p6pdigest/20030713.html,Final,Perl 6,perl 6 internals parrot
07/08/2003,Integrating mod_perl with Apache 2.1 Authentication,Geoffrey Young,/2003/07/08/mod_perl.html,Final,mod_perl,"mod_perl 2, Apache 2, Geoffrey Young, Digest authentication, Apache::AuthHandler."
07/06/2003,"This week on Perl 6, week ending 2003-07-06",Piers Cawley,/2003/06/p6pdigest/20030706.html,Final,Perl 6,perl 6 internals parrot
07/01/2003,"Power Regexps, Part II",Simon Cozens,/2003/07/01/regexps.html,Final,Regular Expressions,regexps regular expressions
06/25/2003,Perl 6 Design Philosophy,"Allison Randal, Dan Sugalski, Leopold TÃ¶tsch",/2003/06/25/perl6essentials.html,Final,,"Perl 6, design principles in Perl 6, Parrot, Perl 6 Essentials, "
06/23/2003,"This week on Perl 6, week ending 2003-06-22",Piers Cawley,/2003/06/p6pdigest/20030622.html,Final,Perl 6,perl 6 internals parrot
06/23/2003,"This week on Perl 6, week ending 2003-06-29",Piers Cawley,/2003/06/p6pdigest/20030629.html,Final,Perl 6,perl 6 internals parrot
06/19/2003,"Hidden Treasures of the Perl Core, part II",Casey West,/2003/06/19/treasures.html,Final,Modules,
06/15/2003,"This week on Perl 6, week ending 2003-06-15",Piers Cawley,/2003/06/p6pdigest/20030615.html,Final,Perl 6,perl 6 internals parrot
06/13/2003,Perl Design Patterns,Phil Crow,/2003/06/13/design1.html,Final,Programming,
06/08/2003,"This week on Perl 6, week ending 2003-06-08",Piers Cawley,/2003/06/p6pdigest/20030608.html,Final,Perl 6,perl 6 internals parrot
06/06/2003,Regexp Power,Simon Cozens,/2003/06/06/regexps.html,Final,Regular Expressions,regexps regular expressions
06/01/2003,"This week on Perl 6, week ending 2003-06-01",Piers Cawley,/2003/06/p6pdigest/20030601.html,Final,Perl 6,perl 6 internals parrot
05/29/2003,Hidden Treasures of the Perl Core,Casey West,/2003/05/29/treasures.html,Final,Modules,
05/25/2003,"This week on Perl 6, week ending 2003-05-25",Piers Cawley,/2003/05/p6pdigest/20030525.html,Final,Perl 6,perl 6 internals parrot
05/22/2003,Testing mod_perl 2.0,Geoffrey Young,/2003/05/22/testing.html,Final,mod_perl,
05/18/2003,"This week on Perl 6, week ending 2003-05-18",Piers Cawley,/2003/05/p6pdigest/20030518.html,Final,Perl 6,perl 6 internals parrot
05/13/2003,CGI::Kwiki,Brian Ingerson,/2003/05/14/kwiki.html,Final,CGI,wiki kwiki ingy
05/11/2003,"This week on Perl 6, week ending 2003-05-11",Piers Cawley,/2003/05/p6pdigest/20030511.html,Final,Perl 6,perl 6 internals parrot
05/07/2003,"This week on Perl 6, week ending 2003-05-04",Piers Cawley,/2003/05/p6pdigest/20030507.html,Final,Perl 6,perl 6 internals parrot
05/06/2003,2003 Perl Conferences,Simon Cozens,/2003/05/06/conferences.html,Final,Community,conferences yapc tpc oscon
05/02/2003,Programming Perl in the .NET Environment,Simon Cozens,/2003/05/02/review.html,Draft,Books and Magazines,
04/27/2003,"This week on Perl 6, week ending 2003-04-27",Piers Cawley,/2003/04/p6pdigest/20030427.html,Final,Perl 6,perl 6 internals parrot
04/22/2003,POOL,Simon Cozens,/2003/04/22/pool.html,Final,Objects,modules oo template
04/20/2003,"This week on Perl 6, week ending 2003-04-20",Piers Cawley,/2003/04/p6pdigest/20030420.html,Final,Perl 6,perl 6 internals parrot
04/17/2003,Filters in Apache 2.0,Geoffrey Young,/2003/04/17/filters.html,Final,mod_perl,
04/13/2003,"This week on Perl 6, week ending 2003-04-13",Piers Cawley,/2003/04/p6pdigest/20030413.html,Final,Perl 6,perl 6 internals parrot
04/09/2003,Synopsis 6,"Damian Conway, Allison Randal",/2003/04/09/synopsis.html,Final,Perl 6,perl 6 apocalypse
04/06/2003,"This week on Perl 6, week ending 2003-04-06",Piers Cawley,/2003/04/p6pdigest/20030406.html,Final,Perl 6,perl 6 internals parrot
04/02/2003,Apache::VMonitor - The Visual System and Apache Server Monitor,Stas Bekman,/2003/04/02/mod_perl.html,Final,mod_perl,mod_perl apache vmonitor
03/30/2003,"This week on Perl 6, week ending 2003-03-30",Piers Cawley,/2003/03/p6pdigest/20030330.html,Final,Perl 6,perl 6 internals parrot
03/26/2003,Five Tips for .NET Programming in Perl,Randy Ray,/2003/03/26/perlanddotnet.html,Final,,"Perl, .NET, .Net, SOAP::Lite, Perl SOAP applications,"
03/23/2003,"This week on Perl 6, week ending 2003-03-23",Piers Cawley,/2003/03/p6pdigest/20030323.html,Final,Perl 6,perl 6 internals parrot
03/18/2003,For Perl Programmers : only,Brian Ingerson,/2003/03/18/only.html,Final,Modules,only module version
03/16/2003,"This week on Perl 6, week ending 2003-03-16",Piers Cawley,/2003/03/p6pdigest/20030316.html,Final,Perl 6,perl 6 internals parrot
03/13/2003,The Many Dates and Times of Perl,Dave Rolsky,/2003/03/13/datetime.html,Final,CPAN,
03/09/2003,"This week on Perl 6, week ending 2003-03-09",Piers Cawley,/2003/03/p6pdigest/20030309.html,Final,Perl 6,perl 6 internals parrot
03/07/2003,Apocalypse 6,Larry Wall,/2003/03/07/apocalypse6.html,Final,Perl 6,perl 6 apocalypse subroutines
03/04/2003,Improving mod_perl Sites' Performance: Part 8,Stas Bekman,/2003/03/04/mod_perl.html,Final,mod_perl,mod_perl apache performance
03/03/2003,"This week on Perl 6, week ending 2003-03-02",Piers Cawley,/2003/03/p6pdigest/20030302.html,Final,Perl 6,perl 6 internals parrot
02/27/2003,Genomic Perl,Simon Cozens,/2003/02/27/review.html,Final,Books and Magazines,
02/23/2003,"This week on Perl 6, week ending 2003-02-23",Piers Cawley,/2003/02/p6pdigest/20030223.html,Final,Perl 6,perl 6 internals parrot
02/19/2003,Building a Vector Space Search Engine in Perl,Maciej Ceglowski,/2003/02/19/engine.html,Final,Text Tools,search engine vector space
02/16/2003,"This week on Perl 6, week ending 2003-02-16",Piers Cawley,/2003/02/p6pdigest/20030216.html,Final,Perl 6,perl 6 internals parrot
02/12/2003,Module::Build,Dave Rolsky,/2003/02/12/module1.html,Final,Modules,module build makemaker
02/09/2003,"This week on Perl 6, week ending 2003-02-09",Piers Cawley,/2003/02/p6pdigest/20030209.html,Final,Perl 6,perl 6 internals parrot
02/05/2003,Improving mod_perl Sites' Performance: Part 7,Stas Bekman,/2003/02/05/mod_perl.html,Final,mod_perl,mod_perl apache performance
02/02/2003,"This week on Perl 6, week ending 2003-02-02",Piers Cawley,/2003/02/p6pdigest/20030202.html,Final,Perl 6,perl 6 internals parrot
01/30/2003,Embedding Perl in HTML with Mason,Simon Cozens,/2003/01/30/review.html,Final,Books and Magazines,
01/26/2003,"This week on Perl 6, week ending 2003-01-26",Piers Cawley,/2003/01/p6pdigest/20030126.html,Final,Perl 6,perl 6 internals parrot
01/22/2003,Screen-scraping with WWW::Mechanize,Chris Ball,/2003/01/22/mechanize.html,Final,Web Development,screen scraping web mechanize
01/19/2003,"This week on Perl 6, week ending 2003-01-19",Piers Cawley,/2003/01/p6pdigest/20020319.html,Final,Perl 6,perl 6 internals parrot
01/16/2003,What's new in Perl 5.8.0,Artur Bergman,/2003/01/16/whatsnew.html,Final,Releases,5.8.0 upgrade features
01/12/2003,"This week on Perl 6, week ending 2003-01-12",Piers Cawley,/2003/01/p6pdigest/20020312.html,Final,Perl 6,perl 6 internals parrot
01/08/2003,"This week on Perl 6, weeks ending 2003-01-05",Piers Cawley,/2003/01/p6pdigest/20020308.html,Final,Perl 6,perl 6 internals parrot
01/07/2003,Improving mod_perl Sites' Performance: Part 6,Stas Bekman,/2003/01/07/mod_perl.html,Final,mod_perl,mod_perl fork
12/18/2002,How Perl Powers Christmas,Alex Gough,/2002/12/18/hohoho.html,Final,Advocacy,Christmas success Santa
12/11/2002,Programming with Mason,Dave Rolsky,/2002/12/11/mason.html,Final,,"Mason, Perl, Embedding Perl, HTML, "
12/08/2002,"This week on Perl 6 (12/02-08, 2002)",Piers Cawley,/2002/12/p6pdigest/20021208.html,Final,Perl 6,perl 6 internals parrot
12/04/2002,Improving mod_perl Sites' Performance: Part 5,Stas Bekman,/2002/12/04/mod_perl.html,Final,mod_perl,mod_perl shared memory
12/03/2002,Trees,Abhijit Menon-Sen,/2002/11/20/trees.html,Draft,Data Structures,cs trees red-black
12/01/2002,"This week on Perl 6 (11/24-12/01, 2002)",Piers Cawley,/2002/12/p6pdigest/20021201.html,Final,Perl 6,perl 6 internals parrot
11/27/2002,Class::DBI,Tony Bowden,/2002/11/27/classdbi.html,Final,Databases,database class POOP Class::DBI
11/27/2002,"This week on Perl 6 (11/17-11/23, 2002)",Piers Cawley,/2002/11/p6pdigest/20021127.html,Final,Perl 6,perl 6 internals parrot
11/21/2002,"This week on Perl 6 (11/10-11/17, 2002)",Piers Cawley,/2002/11/p6pdigest/20021121.html,Final,Perl 6,perl 6 internals parrot
11/20/2002,Managing Bulk DNS Zones with Perl,Chris Josephes,/2002/11/20/dns.html,Final,Sysadmin,DNS zonefile BIND 
11/15/2002,"This week on Perl 6 (11/03-11/10, 2002)",Piers Cawley,/2002/11/p6pdigest/20021115.html,Final,Perl 6,perl 6 internals parrot
11/14/2002,Object Oriented Exception Handling in Perl,Arun Udaya Shankar,/2002/11/14/exception.html,Final,Objects,
11/06/2002,"This week on Perl 6 (10/28-11/03, 2002)",Piers Cawley,/2002/11/p6pdigest/20021107.html,Final,Perl 6,perl 6 internals parrot
11/06/2002,Writing Perl Modules for CPAN,Simon Cozens,/2002/11/06/review.html,Final,Books and Magazines,
11/04/2002,"This week on Perl 6 (10/20-27, 2002)",Piers Cawley,/2002/11/p6pdigest/20021027.html,Final,Perl 6,perl 6 internals parrot
10/30/2002,On Topic,Allison Randal,/2002/10/30/topic.html,Final,Perl 6,topic topicalizer
10/22/2002,The Phrasebook Design Pattern,Rani Pinchuk,/2002/10/22/phrasebook.html,Final,Modules,phrasebook languages
10/16/2002,"This week on Perl 6 (10/7-14, 2002)",Leon Brocard,/2002/10/p6pdigest/20021016.html,Final,Perl 6,perl 6 internals parrot
10/15/2002,Radiator,Simon Cozens,/2002/10/15/radiator.html,Final,Business,radiator radius commercial enterprise
10/09/2002,A Review of Komodo,Simon Cozens,/2002/10/09/komodo.html,Final,Editors,komodo ide
10/06/2002,"This week on Perl 6 (9/30 - 10/6, 2002)",Leon Brocard,/2002/10/p6pdigest/20021006.html,Final,Perl 6,perl 6 internals parrot
10/01/2002,How Hashes Really Work,Abhijit Menon-Sen,/2002/10/01/hashes.html,Final,Programming,hashes hash
09/29/2002,"This week on Perl 6 (9/23 - 9/29, 2002)",Piers Cawley,/2002/09/p6pdigest/20020929.html,Final,Perl 6,perl 6 internals parrot
09/24/2002,An AxKit Image Gallery,Barrie Slaymaker,/2002/09/24/axkit.html,Final,XML,
09/22/2002,"This week on Perl 6 (9/16 - 9/22, 2002)",Piers Cawley,/2002/09/p6pdigest/20020922.html,Final,Perl 6,perl 6 internals parrot
09/18/2002,Embedding Web Servers,Robert Spier,/2002/09/17/ewispp.html,Final,Web Development,
09/15/2002,"This week on Perl 6 (9/9 - 9/15, 2002)",Piers Cawley,/2002/09/p6pdigest/20020915.html,Final,Perl 6,perl 6 internals parrot
09/11/2002,"Retire your debugger, log smartly with Log::Log4perl!",Michael Schilli,/2002/09/11/log4perl.html,Final,Debugging,log4perl log4j logging
09/10/2002,Writing CGI Applications with Perl,Simon Cozens,/2002/09/10/review.html,Final,Books and Magazines,
09/08/2002,"This week on Perl 6 (9/1 - 9/8, 2002)",Piers Cawley,/2002/09/p6pdigest/20020908.html,Final,Perl 6,perl 6 internals parrot
09/04/2002,Going Up?,Sam Tregar,/2002/09/04/threads.html,Final,Tutorials,elevator threading threads simulation
09/04/2002,The Fusion of Perl and Oracle,Andy Duncan,/2002/09/04/perlfororacle.html,Final,,"Perl, Oracle, Oracle DBA"
09/01/2002,"This week on Perl 6 (8/26 - 9/1, 2002)",Piers Cawley,/2002/09/p6pdigest/20020901.html,Final,Perl 6,perl 6 internals parrot
08/27/2002,Mail Filtering,Michael Stevens,/2002/08/27/filtering.html,Final,Mail and USENET News,mail filtering
08/22/2002,Exegesis 5,Damian Conway,/2002/08/22/exegesis5.html,Final,Perl 6,apocalypse exegesis regular expressions
08/20/2002,Web Basics with LWP,Sean M. Burke,/2002/08/20/perlandlwp.html,Final,Modules,"Perl, LWP, Perl and LWP, Library for WWW in Perl,"
08/18/2002,This week on Perl 6 (week ending 2002-08-18),Piers Cawley,/2002/08/p6pdigest/20020818.html,Final,Perl 6,perl 6 internals parrot
08/13/2002,Acme::Comment,Jos Boumans,/2002/08/13/comment.html,Final,Modules,commenting multiline comment Acme
08/11/2002,This week on Perl 6 (week ending 2002-08-11),Piers Cawley,/2002/08/p6pdigest/20020811.html,Final,Perl 6,perl 6 internals parrot
08/07/2002,Proxy Objects,Matt Sergeant,/2002/08/07/proxyobject.html,Final,Objects,proxy objects pattern circular references
08/05/2002,This week on Perl 6 (week ending 2002-08-04),Piers Cawley,/2002/07/p6pdigest/20020805.html,Final,Perl 6,perl 6 internals parrot
07/30/2002,Improving mod_perl Sites' Performance: Part 4,Stas Bekman,/2002/07/30/mod_perl.html,Final,mod_perl,mod_perl shared memory
07/23/2002,This week on Perl 6 (week ending 2002-07-21),Leon Brocard,/2002/07/p6pdigest/20020723.html,Final,Perl 6,perl 6 internals parrot
07/23/2002,Graphics Programming with Perl,Simon Cozens,/2002/07/23/review.html,Final,Books and Magazines,
07/16/2002,Improving mod_perl Sites' Performance: Part 3,Stas Bekman,/2002/07/16/mod_perl.html,Final,mod_perl,mod_perl benchmarking test
07/14/2002,This Week on Perl 6 (8 - 14 Jul 2002),Piers Cawley,/2002/07/p6pdigest/20020714.html,Final,Perl 6,perl 6 internals parrot
07/10/2002,A Test::MockObject Illustrated Example,chromatic,/2002/07/10/tmo.html,Final,Tools,oo testing
07/02/2002,This week on Perl 6 ~(24-30 June 2002),Piers Cawley,/2002/07/p6pdigest/20020702.html,Final,Perl 6,perl 6 internals parrot
07/02/2002,Taglib TMTOWTDI,Barrie Slaymaker,/2002/07/02/axkit.html,Final,XML,
06/26/2002,Synopsis 5,"Damian Conway, Allison Randal",/2002/06/26/synopsis5.html,Final,Perl 6,pattern matching apocalypse
06/19/2002,Improving mod_perl Sites' Performance: Part 2,Stas Bekman,/2002/06/19/mod_perl.html,Final,mod_perl,mod_perl benchmarking test
06/11/2002,Where Wizards Fear To Tread,Artur Bergman,/2002/06/11/threads.html,Final,Tutorials,threads ithreads thread-safety
06/04/2002,Apocalypse 5,Larry Wall,/2002/06/04/apo5.html,Final,Perl 6,Apocalypse
05/29/2002,Improving mod_perl Sites' Performance: Part 1,Stas Bekman,/2002/05/29/mod_perl-opt.html,Final,mod_perl,mod_perl optimizing
05/29/2002,Achieving Closure,Simon Cozens,/2002/05/29/closure.html,Final,Tutorials,closure
05/22/2002,Finding a mod_perl ISP... or Becoming One,Stas Bekman,/2002/05/22/mod_perl-isp.html,Final,mod_perl,mod_perl ISP
05/15/2002,The Perl You Need To Know - Part 3,Stas Bekman,/2002/05/14/mod_perl.html,Final,mod_perl,mod_perl perl do require use lexical global
05/07/2002,Where Wizards Fear To Tread,Simon Cozens,/2002/05/07/optree.html,Final,Perl Internals,op tree B::Generate wizards
05/07/2002,The Perl You Need To Know - Part 2,Stas Bekman,/2002/05/07/mod_perl.html,Final,mod_perl,mod_perl perl subroutines stay shared
04/30/2002,Becoming a CPAN Tester with CPANPLUS,Autrijus Tang,/2002/04/30/cpants.html,Final,CPAN,CPANPLUS testing CPANTS CPAN
04/25/2002,mod_perl Developer's Cookbook,Simon Cozens,/2002/04/25/review.html,Final,Books and Magazines,
04/23/2002,The Perl You Need To Know,Stas Bekman,/2002/04/23/mod_perl.html,Final,mod_perl,mod_perl perl global variables
04/16/2002,"XSP, Taglibs and Pipelines",Barrie Slaymaker,/2002/04/16/axkit.html,Final,XML,
04/10/2002,Installing mod_perl without superuser privileges,Stas Bekman,/2002/04/10/mod_perl.html,Final,mod_perl,mod_perl superuser root
04/02/2002,Exegesis 4,Damian Conway,/2002/04/01/exegesis4.html,Final,Perl 6,apocalypse exegesis control flow
03/26/2002,CPAN PLUS,Jos Boumans,/2002/03/26/cpanplus.html,Final,CPAN,CPAN CPANPLUS
03/22/2002,mod_perl in 30 minutes,Stas Bekman,/2002/03/22/modperl.html,Final,mod_perl,mod_perl
03/19/2002,A Perl Hacker's Foray into .NET,Simon Cozens,/2002/03/19/dotnet.html,Final,Net,.NET CLR C#
03/13/2002,Introducing AxKit,Barrie Slaymaker,/2002/03/12/axkit.html,Final,XML,
03/12/2002,This Week on Perl 6 (3 -9 Mar 2002),Bryan Warnock,/2002/03/p6pdigest/20020309.html,Final,Perl 6,perl 6 internals parrot
03/06/2002,Stopping Spam with SpamAssassin,Simon Cozens,/2002/03/06/spam.html,Final,Mail and USENET News,spam vipul's spamassassin
03/06/2002,These Weeks on Perl 6 (10 Feb - 2 Mar 2002),Bryan Warnock,/2002/03/p6pdigest/20020302.html,Final,Perl 6,perl 6 internals parrot
02/26/2002,Why mod_perl?,Stas Bekman,/2002/02/26/whatismodperl.html,Final,mod_perl,mod_perl
02/20/2002,Preventing Cross-site Scripting Attacks,Paul Lindner,/2002/02/20/css.html,Final,Security,mod_perl security cross-site scripting
02/12/2002,Optimizing Your Perl,Robert Spier,/2002/02/12/bigo.html,Final,Programming,big-O data structure algorithm efficiency
02/12/2002,This Fortnight on Perl 6 (27 Jan - 9 Feb 2002),Bryan Warnock,/2002/02/p6pdigest/20020209.html,Final,Perl 6,perl 6 internals parrot
02/06/2002,Visual Perl,Eric Promislow,/2002/02/05/visperl.html,Final,Win32,Microsoft Visual Perl Studio
01/30/2002,Beginning PMCs,Jeffrey Goff,/2002/01/30/pmcs.html,Final,Perl 6,parrot pmcs cookies
01/23/2002,Finding CGI Scripts,Dave Cross,/2002/01/23/cgi.html,Final,CGI,CGI Not Matt's Scripts
01/23/2002,This Week on Perl 6 (13 - 19 Jan 2002),Bryan Warnock,/2002/01/p6pdigest/20020119.html,Final,Perl 6,perl 6 internals parrot
01/17/2002,This Week on Perl 6 (6 - 12 Jan 2002),Bryan Warnock,/2002/01/p6pdigest/20020112.html,Final,Perl 6,perl 6 internals parrot
01/15/2002,Apocalypse 4,Larry Wall,/2002/01/15/apo4.html,Final,Perl 6,Apocalypse
01/09/2002,Creating Custom Widgets,Steve Lidie,/2002/01/09/perltk.html,Final,Graphics,"widgets, Perl, Perl/Tk "
01/05/2002,This Week on Perl 6 (30 December 2001 - 5 Jan 2002),Bryan Warnock,/2002/01/p6pdigest/20020105.html,Final,Perl 6,perl 6 internals parrot
01/02/2002,Beginning Bioinformatics,James D. Tisdall,/2002/01/02/bioinf.html,Final,Biology,bioinformatics biochemistry biology chemistry
12/29/2001,This Week on Perl 6 (23 - 29 December 2001),Bryan Warnock,/2001/12/p6pdigest/20011229.html,Final,Perl 6,perl 6 internals parrot 0.0.3
12/29/2001,This Week on Perl 6 (16 - 22 December 2001),Bryan Warnock,/2001/12/p6pdigest/20011222.html,Final,Perl 6,perl 6 internals parrot 0.0.3
12/19/2001,Building a Bridge to the Active Directory,Kelvin Param,/2001/12/19/xmlrpc.html,Final,Win32,Active Directory XML-RPC
12/19/2001,This Week on Perl 6 (9 - 15 December 2001),Bryan Warnock,/2001/12/p6pdigest/20011215.html,Final,Perl 6,perl 6 internals parrot 0.0.3
12/11/2001,A Drag-and-Drop Primer for Perl/Tk,Steve Lidie,/2001/12/11/perltk.html,Final,Graphics,"drag drop Tk, Perl, Perl/Tk "
12/10/2001,This Week on Perl 6 (2 - 8 December 2001),Bryan Warnock,/2001/12/p6pdigest/20011208.html,Final,Perl 6,perl 6 internals parrot 0.0.3
12/04/2001,An Introduction to Testing,chromatic,/2001/12/04/testing.html,Final,Tutorials,
11/28/2001,Request Tracker,Robert Spier,/2001/11/28/request.html,Final,Tools,
11/21/2001,Lightweight Languages,Simon Cozens,/2001/11/21/lightweight.html,Final,Language Development,lightweight languages conference MIT AI research academic
11/16/2001,Parsing Protein Domains with Perl,James D. Tisdall,/2001/11/16/perlbio2.html,Final,,"Beginning Perl for Bioinformatics, Perl for bioinformatics, Bioinformatics, bioinformatics, programming for biology  research, biology research programming, biological research, learning to  program, genomics, sequencing, genetics, Computational biology,  bioinformaticians, bioinformaticists, Web,  James Tisdall, tisdall, oreilly, O'Reilly, o'reilly"
11/15/2001,Create RSS channels from HTML news sites,Chris Ball,/2001/11/15/creatingrss.html,Final,Web Development,
11/07/2001,Object-Oriented Perl,Simon Cozens,/2001/11/07/ooperl.html,Final,Objects,"perl, object oriented"
10/31/2001,The Lighter Side of CPAN,Alex Gough,/2001/10/31/lighter.html,Final,CPAN,
10/23/2001,Perl 6 : Not Just For Damians,Piers Cawley,/2001/10/23/damians.html,Final,Perl 6,"Perl 6, Larry Wall, Damian Conway, "
10/21/2001,This Week on p5p 2001/10/21,Abhijit Menon-Sen,/2001/10/p5pdigest/20011021.html,Final,Community,P5P threads unicode POD
10/17/2001,Building a Large-scale E-commerce Site with Apache and mod_perl,Perrin Harkins,/2001/10/17/etoys.html,Final,Web Development,
10/13/2001,This Week on Perl 6 (7 - 13 October 2001),Bryan Warnock,/2001/10/p6pdigest/20011013.html,Draft,Perl 6,perl 6 internals pmc nan
10/10/2001,Filtering Mail with PerlMx,Mike DeGraw-Bertsch,/2001/10/10/perlmx.html,Final,Mail and USENET News,PerlMx ActiveState Sendmail
10/10/2001,This Week on p5p 2001/10/07,Abhijit Menon-Sen,/2001/10/p5pdigest/20011010.html,Final,Community,P5P threads unicode POD
10/03/2001,Exegesis 3,Damian Conway,/2001/10/03/exegesis3.html,Final,Perl 6,
10/02/2001,Apocalypse 3,Larry Wall,/2001/10/02/apocalypse3.html,Final,Perl 6,
09/26/2001,Asymmetric Cryptography in Perl,"Benjamin Trott, Vipul Ved Prakash",/2001/09/26/crypto1.html,Final,Modules,asymmetric cryptography
09/18/2001,Parrot : Some Assembly Required,Simon Cozens,/2001/09/18/parrot.html,Final,Perl 6,Parrot Perl 6 assembler virtual machine
09/12/2001,wxPerl: Another GUI for Perl,Jouke Visser,/2001/09/12/wxtutorial1.html,Final,"Graphics, User Interfaces",wxPerl GUIs Perl
09/08/2001,This Week on Perl 6 (2 - 8 September 2001),Bryan Warnock,/2001/09/p6pdigest/20010908.html,Final,Perl 6,perl 6 internals lexical documentation
09/04/2001,Changing Hash Behaviour with tie,Dave Cross,/2001/09/04/tiedhash.html,Final,Data Structures,tied hash behaviour
09/03/2001,This Week on p5p 2001/09/03,Simon Cozens,/2001/08/p5pdigest/20010903.html,Final,Community,P5P coderefs Schwern testing
09/01/2001,This Week on Perl 6 (26 August - 1 September 2001),Bryan Warnock,/2001/09/p6pdigest/20010901.html,Final,Perl 6,perl 6 internals closures
08/27/2001,Perl Helps The Disabled,Dan Brian,/2001/08/27/bjornstad.html,Final,Graphics,disabled accessibility Tk Bjornstad
08/27/2001,This Week on Perl 6 (19 - 25 August 2001),Bryan Warnock,/2001/08/p6pdigest/20010825.html,Final,Perl 6,perl 6 internals closures
08/27/2001,This Week on p5p 2001/08/27,Simon Cozens,/2001/08/p5pdigest/20010827.html,Final,Community,P5P callbacks coderefs vstrings
08/21/2001,Choosing a Templating System,Perrin Harkins,/2001/08/21/templating.html,Final,Text Tools,templating text HTML
08/21/2001,This Week on Perl 6 (12 - 18 August 2001),"Gisle Aas, Bryan Warnock",/2001/08/p6pdigest/20010818.html,Final,Perl 6,perl 6 internals modules
08/15/2001,This Week on p5p 2001/08/15,Simon Cozens,/2001/08/p5pdigest/20010815.html,Final,Community,P5P threads unicode POD
08/13/2001,Yet Another Perl Conference Europe 2001,Jouke Visser,/2001/08/13/yapc-europe.html,Final,Community,
08/11/2001,This Week in Perl 6 (5 - 11 August 2001),Bryan Warnock,/2001/08/p6pdigest/20010811.html,Final,Language Development,
08/09/2001,"This Fortnight In Perl 6 (July 22 - Aug. 4, 2001)",Bryan Warnock,/2001/08/p6pdigest/20010809.html,Final,Language Development,
08/08/2001,This Week on p5p 2001/08/07,Simon Cozens,/2001/08/p5pdigest/20010808.html,Final,Community,
08/08/2001,Quantum::Entanglement,Alex Gough,/2001/08/08/quantum.html,Final,Modules,Quantum physics superpositions entanglement
08/01/2001,People Behind Perl : Artur Bergman,Simon Cozens,/2001/08/01/artur.html,Final,Community,People Behind Perl Artur Bergman Arthur
08/01/2001,This Week on p5p 2001/07/30,Simon Cozens,/2001/08/p5pdigest/20010730.html,Final,Community,
07/25/2001,The State of the Onion 5,Simon Cozens,/2001/07/25/onion.html,Final,Larry Wall,Perl 6 State Onion Larry Wall
07/17/2001,Mail Filtering with Mail::Audit,Simon Cozens,/2001/07/17/mailfiltering.html,Final,,"SPAM, filter, rule, procmail, e-mail"
07/16/2001,This Week on p5p 2001/07/16,Simon Cozens,/2001/07/p5pdigest/20010716.html,Final,Community,
07/10/2001,Symmetric Cryptography in Perl,Abhijit Menon-Sen,/2001/07/10/crypto.html,Final,Security,crypto cryptography Crypt:: IDEA Blowfish symmetric
07/09/2001,This Week on p5p 2001/07/09,Simon Cozens,/2001/07/p5pdigest/20010709.html,Final,Community,
07/03/2001,This Fortnight in Perl 6 (17 - 30 June 2001),Bryan Warnock,/2001/07/p6pdigest/20010703.html,Final,Language Development,"Perl 6, Java, internal API, API"
07/03/2001,People Behind Perl: Nathan Torkington,Simon Cozens,/2001/07/03/nat.html,Final,Community,
07/02/2001,This Week on p5p 2001/07/02,Simon Cozens,/2001/07/p5pdigest/20010702.html,Final,Community,
06/27/2001,Why Not Translate Perl to C?,Mark-Jason Dominus,/2001/06/27/ctoperl.html,Final,C and Perl,"C, Perl, compile"
06/25/2001,This Week on p5p 2001/06/25,Leon Brocard,/2001/06/p5pdigest/20010625.html,Final,Community,
06/21/2001,Yet Another YAPC Report: Montreal,Schuyler Erle,/2001/06/21/yapcreport.html,Final,Community,
06/19/2001,This Week in Perl 6 (10 - 16 June 2001),Bryan Warnock,/2001/06/p6pdigest/20010616.html,Final,Language Development,
06/19/2001,This Week on p5p 2001/06/17,Mark-Jason Dominus,/2001/06/p5pdigest/20010617.html,Final,Community,
06/13/2001,Parse::RecDescent Tutorial,Jeffrey Goff,/2001/06/13/recdecent.html,Final,Tutorials,
06/12/2001,The Beginner's Attitude of Perl: What Attitude?,Robert Kiesling,/2001/06/12/anti_begin.html,Final,Community,
06/12/2001,This Week on p5p 2001/06/09,Leon Brocard,/2001/06/p5pdigest/THISWEEK-20010612.html,Final,Community,
06/12/2001,This Week in Perl 6 (3 - 9 June 2001),Bryan Warnock,/2001/06/p6pdigest/THISWEEK-20010612.html,Final,Language Development,
06/05/2001,Using CGI::Application,Jesse Erlbaum,/2001/06/05/cgi.html,Final,CGI,
06/04/2001,This Week in Perl 6 (27 May - 2 June 2001),Bryan Warnock,/2001/06/p6pdigest/THISWEEK-20010601.html,Final,Perl 6,
06/04/2001,This Week on p5p 2001/06/03,Leon Brocard,/2001/06/p5pdigest/THISWEEK-20010604.html,Final,Language Development,
05/28/2001,Turning the Tides on Perl's Attitude Toward Beginners,Casey West,/2001/05/29/tides.html,Final,Community,"Beginner, learn, newbie, perl, elitism"
05/27/2001,This Week on p5p 2001/05/27,Leon Brocard,/2001/05/p5pdigest/THISWEEK-20010527.html,Final,Language Development,
05/26/2001,This Week in Perl 6 (20 May - 26 May 2001),Bryan Warnock,/2001/05/p6pdigest/THISWEEK-20010526.html,,Perl 6,
05/22/2001,Taking Lessons From Traffic Lights,Michael Schwern,/2001/05/22/trafficlights.html,Final,Language Development,"Perl 6, design, development, traffic, lights"
05/21/2001,This Month on Perl6 (1 May - 20 May 2001),Bryan Warnock,/2001/05/p6pdigest/THISWEEK-20010501.html,Final,Language Development,
05/15/2001,Exegesis 2,Damian Conway,/2001/05/08/exegesis2.html,Final,Perl 6,perl 6
05/13/2001,This Week on p5p 2001/05/13,Simon Cozens,/2001/05/p5pdigest/THISWEEK-20010513.html,Final,Language Development,
05/06/2001,This Week on p5p 2001/05/20,Simon Cozens,/2001/05/p5pdigest/THISWEEK-20010520.html,Final,Language Development,
05/06/2001,This Week on p5p 2001/05/06,Simon Cozens,/2001/05/p5pdigest/THISWEEK-20010506.html,Final,Language Development,
05/03/2001,Larry Wall: Apocalypse Two,Larry Wall,/2001/05/03/wall.html,Final,,
05/01/2001,Reversing Regular Expressions,Pete Sergeant,/2001/05/01/expressions.html,,Regular Expressions,
04/29/2001,This Week on p5p 2001/04/29,Simon Cozens,/2001/05/p5pdigest/THISWEEK-20010429.html,Final,Language Development,
04/23/2001,Quick Start Guide with SOAP Part Two,Paul Kulchenko,/2001/04/24/soap.html,Final,Web Development,
04/22/2001,This Week on p5p 2001/04/22,Simon Cozens,/2001/04/p5pdigest/THISWEEK-20010422.html,Final,Language Development,
04/17/2001,"MSXML, It's Not Just for VB Programmers Anymore",Shawn Ribordy,/2001/04/17/msxml.html,Final,XML,XML
04/15/2001,This Week on p5p 2001/04/15,Simon Cozens,/2001/04/p5pdigest/THISWEEK-20010415.html,Final,Language Development,
04/10/2001,Designing a Search Engine,Pete Sergeant,/2001/04/10/engine.html,Final,Text Tools,"search, array, Perl"
04/08/2001,This Week on p5p 2001/04/08,Simon Cozens,/2001/04/p5pdigest/THISWEEK-20010408.html,Final,Language Development,
04/02/2001,"Apocalypse 1: The Ugly, the Bad, and the Good",Larry Wall,/2001/04/02/wall.html,Final,Perl 6,Perl 6
04/01/2001,Programming Parrot,Simon Cozens,/2001/04/01/parrot.htm,Draft,Oddities,
04/01/2001,This Week on p5p 2001/04/01,Simon Cozens,/2001/04/p5pdigest/THISWEEK-20010401.html,Final,Language Development,
03/27/2001,A Simple Gnome Panel Applet,Joe Nasal,/2001/03/27/gnome.html,Final,User Interfaces,
03/26/2001,This Week on p5p 2001/03/26,Simon Cozens,/2001/03/p5pdigest/THISWEEK-20010326.html,Final,Language Development,
03/21/2001,This Month on Perl6 (25 Feb--20 Mar 2001),Simon Cozens,/2001/03/p6pdigest/THISMONTH-20010320.htm,Final,Language Development,
03/20/2001,DBI is OK,chromatic,/2001/03/dbiokay.html,Final,Databases,"DBI, DBIx::Recordset"
03/19/2001,This Week on p5p 2001/03/19,Simon Cozens,/2001/03/p5pdigest/THISWEEK-20010319.html,Final,Language Development,
03/13/2001,Creating Modular Web Pages With EmbPerl,Neil Gunton,/2001/03/embperl.html,Final,mod_perl,"embperl, html, epl"
03/12/2001,This Week on p5p 2001/03/12,Simon Cozens,/2001/03/p5pdigest/THISWEEK-20010312.html,Final,Language Development,
03/06/2001,Writing GUI Applications in Perl/Tk,Nick Temple,/2001/03/gui.html,Final,User Interfaces,"Perl, Tk, Credit Card"
03/05/2001,This Week on p5p 2001/03/05,Simon Cozens,/2001/03/p5pdigest/THISWEEK-20010305.html,Final,Language Development,
02/28/2001,This Week on p5p 2001/02/26,Simon Cozens,/2001/02/p5pdigest/THISWEEK-20010226.html,Final,Language Development,
02/27/2001,DBIx::Recordset VS DBI,Terrence Monroe Brannon,/2001/02/dbix.html,Final,Databases,"DBI, Database, DBIx::Recordset, interface, Perl"
02/20/2001,The e-smith Server and Gateway: a Perl Case Study,"Kirrily """"Skud"""" Robert",/2001/02/esmith.html,Final,Business,"e-smith, CGI, Linux, enterprise, template"
02/18/2001,This Week on p6p 2001/02/18,Simon Cozens,/2001/02/p6pdigest/THISWEEK-20010218.html,Final,Language Development,
02/14/2001,Perl 6 Alive and Well! Introducing the perl6-mailing-lists Digest,"Simon Cozens, Schuyler Erle",/2001/02/14/p6p.html,Final,Releases,"p6p, perl 6"
02/14/2001,This Week on p5p 2001/02/12,Simon Cozens,/2001/02/p5pdigest/THISWEEK-20010212.html,Final,Language Development,
02/06/2001,Pathologically Polluting Perl,Brian Ingerson,/2001/02/inline.html,Final,C and Perl,"inline, C, C++, Python, CPR, XS"
02/06/2001,This Week on p5p 2001/02/06,Simon Cozens,/2001/02/p5pdigest/THISWEEK-20010206.html,Final,Language Development,
01/30/2001,This Week on p5p 2001/01/28,Simon Cozens,/2001/01/p5pdigest/THISWEEK-20010128.html,Final,Language Development,
01/29/2001,Quick Start with SOAP,Paul Kulchenko,/2001/01/soap.html,Final,Web Development,
01/24/2001,This Week on p5p 2001/01/21,Simon Cozens,/2001/01/p5pdigest/THISWEEK-20010121.html,Final,Language Development,
01/23/2001,Creating Data Output Files Using the Template Toolkit,Dave Cross,/2001/01/tt2.html,Final,Text Tools,"Template, Toolkit, TT2, XML"
01/17/2001,A Beginner's Introduction to POE,Jeffrey Goff,/2001/01/poe.html,Final,Tutorials,
01/15/2001,This Week on p5p 2001/01/14,Simon Cozens,/2001/01/p5pdigest/THISWEEK-20010114.html,Final,Language Development,
01/09/2001,Beginners Intro to Perl - Part 6,Doug Sheppard,/2001/01/begperl6.html,Final,Programming,"Warnings, security, debugging, tainting."
01/09/2001,This Fortnight on p5p 2000/12/31,Simon Cozens,/2001/01/p5pdigest/THISWEEK-20010107.html,Final,Language Development,
12/27/2000,This Week on p5p 2000/12/24,Simon Cozens,/2000/12/p5pdigest/THISWEEK-20001225.html,Final,Language Development,
12/19/2000,What every Perl programmer needs to know about .NET,Nathan Torkington,/2000/12/net.html,Final,XML,
12/18/2000,Beginners Intro to Perl - Part 5,Doug Sheppard,/2000/12/begperl5.html,Final,Programming,"Object-oriented programming, OOP"
12/17/2000,This Week on p5p 2000/12/17,Simon Cozens,/2000/12/p5pdigest/THISWEEK-20001217.html,Final,Language Development,
12/12/2000,Why I Hate Advocacy,Mark-Jason Dominus,/2000/12/advocacy.html,Final,Advocacy,
12/11/2000,This Week on p5p 2000/12/10,Simon Cozens,/2000/12/p5pdigest/THISWEEK-20001210.html,Final,Language Development,
12/06/2000,Beginners Intro to Perl - Part 4,Doug Sheppard,/2000/12/begperl4.html,Final,Programming,"CGI, security, web, scripting"
12/04/2000,This Week on p5p 2000/12/03,Simon Cozens,/2000/12/p5pdigest/THISWEEK-20001203.html,Final,Language Development,
11/28/2000,Programming GNOME Applications with Perl - Part 2,Simon Cozens,/2000/11/gnome2.html,Final,User Interfaces,
11/28/2000,Red Flags Return,Mark-Jason Dominus,/2000/11/repair3x.html,Final,Style Guides,
11/27/2000,This Week on p5p 2000/11/27,Simon Cozens,/2000/11/p5pdigest/THISWEEK-20001127.html,Final,Language Development,
11/20/2000,Beginner's Introduction to Perl - Part 3,Doug Sheppard,/2000/11/begperl3.html,Final,Programming,
11/20/2000,This Week on p5p 2000/11/20,Simon Cozens,/2000/11/p5pdigest/THISWEEK-20001120.html,Final,Language Development,
11/14/2000,This Week on p5p 2000/11/14,Simon Cozens,/2000/11/p5pdigest/THISWEEK-20001114.html,Final,Language Development,
11/14/2000,Program Repair Shop and Red Flags,Mark-Jason Dominus,/2000/11/repair3.html,Final,Programming,
11/07/2000,Beginner's Introduction to Perl - Part 2,Doug Sheppard,/2000/11/begperl2.html,Final,Programming,
11/07/2000,This Week on p5p 2000/11/07,Simon Cozens,/2000/11/p5pdigest/THISWEEK-20001107.html,Final,Language Development,
11/03/2000,Hold the Sackcloth and Ashes,Jarkko Hietaniemi,/2000/11/jarkko.html,Final,Community,
10/31/2000,Critique of the Perl 6 RFC Process,Mark-Jason Dominus,/2000/11/perl6rfc.html,Final,Community,
10/30/2000,This Week on p5p 2000/10/30,Simon Cozens,/2000/10/p5pdigest/THISWEEK-20001030.html,Final,Language Development,
10/26/2000,Last Chance to Support Damian Conway,Nathan Torkington,/2000/10/conway.html,Final,Community,
10/24/2000,State of the Onion 2000,Larry Wall,/2000/10/23/soto2000.html,Final,Larry Wall,"perl, larry wall"
10/23/2000,These Weeks on p5p 2000/10/23,Simon Cozens,/2000/10/p5pdigest/THISWEEK-20001023.html,Final,Language Development,
10/16/2000,Beginner's Introduction to Perl,Doug Sheppard,/2000/10/begperl1.html,Final,Programming,
10/16/2000,Programming GNOME Applications with Perl,perl.com,/2000/10/gnome.html,Final,User Interfaces,
10/08/2000,This Week on p5p 2000/10/08,Simon Cozens,/2000/10/p5pdigest/THISWEEK-20001008.html,Final,Language Development,
10/02/2000,Report from YAPC::Europe,Mark Summerfield,/2000/10/yapc-europe.html,Final,Community,
10/02/2000,How Perl Helped Me Win the Office Football Pool,Walt Mankowski,/2000/10/footpool.html,Final,Oddities,
09/20/2000,Ilya Regularly Expresses,Joe Johnston,/2000/09/ilya.html,Final,Community,
09/19/2000,Sapphire,Simon Cozens,/2000/09/sapphire.html,Final,Perl Internals,
09/05/2000,Guide to the Perl 6 Working Groups,Mark-Jason Dominus,/2000/09/perl6mail.html,Final,Lists,
08/21/2000,Damian Conway Talks Shop,Joe Johnston,/2000/08/conway.html,Final,Community,"Perl, object-oriented, open source"
08/21/2000,Report from the Perl Conference,Joe Kline,/2000/08/tpc4.html,Final,Community,
07/25/2000,Report on the Perl 6 Announcement,Mark-Jason Dominus,/2000/07/perl6.html,Final,Perl 6,
07/11/2000,Reports from YAPC 19100,Mark-Jason Dominus,/2000/07/yapc19101.html,Final,Community,
07/11/2000,Choosing a Perl Book,Simon Cozens,/2000/06/27/perlbook.html,Final,Books and Magazines,
07/09/2000,This Week on p5p 2000/07/09,Mark-Jason Dominus,/2000/07/p5pdigest/THISWEEK-20000709.html,Final,Language Development,
07/02/2000,This Week on p5p 2000/07/02,Mark-Jason Dominus,/2000/07/p5pdigest/THISWEEK-20000702.html,Final,Language Development,
06/27/2000,Notes on Doug's Method Lookup Patch,Simon Cozens,/2000/06/dougpatch.html,Final,Language Development,
06/25/2000,This Week on p5p 2000/06/25,Mark-Jason Dominus,/2000/06/p5pdigest/THISWEEK-20000625.html,Final,Language Development,
06/17/2000,This Week on p5p 2000/06/18,Mark-Jason Dominus,/2000/06/p5pdigest/THISWEEK-20000618.html,Final,Language Development,
06/17/2000,Return of Program Repair Shop and Red Flags,Mark-Jason Dominus,/2000/06/commify.html,Final,Programming,
06/13/2000,Adventures on Perl Whirl 2000,Adam Turoff,/2000/06/perlwhirl.html,Final,Community,
06/13/2000,This Week on p5p 2000/06/11,Mark-Jason Dominus,/2000/06/p5pdigest/THISWEEK-20000611.html,Final,Language Development,
06/06/2000,ANSI Standard Perl?,Joe Johnston,/2000/06/rosler.html,Final,Community,
06/04/2000,This Week on p5p 2000/06/04,Mark-Jason Dominus,/2000/06/p5pdigest/THISWEEK-20000604.html,Final,Language Development,
05/28/2000,This Week on p5p 2000/05/28,Mark-Jason Dominus,/2000/05/p5pdigest/THISWEEK-20000528.html,Final,Language Development,
05/21/2000,This Week on p5p 2000/05/21,Mark-Jason Dominus,/2000/05/p5pdigest/THISWEEK-20000521.html,Final,Language Development,
05/20/2000,Pod::Parser Notes,Brad Appleton,/2000/05/podparser.html,Final,Modules,
05/15/2000,Perl Meets COBOL,Mark-Jason Dominus,/2000/05/cobol.html,Final,Language Development,
05/14/2000,This Week on p5p 2000/05/14,Mark-Jason Dominus,/2000/05/p5pdigest/THISWEEK-20000514.html,Final,Language Development,
05/07/2000,This Week on p5p 2000/05/07,Mark-Jason Dominus,/2000/05/p5pdigest/THISWEEK-20000507.html,Final,Language Development,
05/02/2000,Program Repair Shop and Red Flags,Mark-Jason Dominus,/2000/04/raceinfo.html,Final,Programming,
04/30/2000,This Week on p5p 2000/04/30,Mark-Jason Dominus,/2000/04/p5pdigest/THISWEEK-20000430.html,Final,Language Development,
04/23/2000,This Week on p5p 2000/04/23,Mark-Jason Dominus,/2000/04/p5pdigest/THISWEEK-20000423.html,Final,Language Development,
04/18/2000,What's New in 5.6.0.,Simon Cozens,/2000/04/whatsnew.html,Final,Releases,Unicode
03/20/2000,POD is not Literate Programming,Mark-Jason Dominus,/tchrist/litprog.html,Final,Documentation,
03/15/2000,My Life With Spam: Part 3,Mark-Jason Dominus,/2000/03/spam3.html,Final,Programming,spam
03/05/2000,This Week on p5p 2000/03/05,Mark-Jason Dominus,/2000/03/p5pdigest/THISWEEK-20000305.html,Final,Language Development,
02/23/2000,Ten Perl Myths,Simon Cozens,/2000/01/10PerlMyths.html,Final,Advocacy,
02/09/2000,My Life With Spam,Mark-Jason Dominus,/2000/02/spamfilter.html,Final,Programming,spam
01/25/2000,RSS and You,Chris Nandor,/2000/01/rss.html,Final,XML,
01/12/2000,In Defense of Coding Standards,"Kirrily """"Skud"""" Robert",/2000/01/CodingStandards.html,Final,Style Guides,standards
12/26/1999,This Week on p5p 1999/12/26,Mark-Jason Dominus,/1999/12/p5pdigest/THISWEEK-19991226.html,Final,Language Development,
12/20/1999,Virtual Presentations with Perl,Adam Turoff,/1999/12/virtual-presentations.html,Final,Community,Perl Mongers
12/19/1999,This Week on p5p 1999/12/19,Mark-Jason Dominus,/1999/12/p5pdigest/THISWEEK-19991219.html,Final,Language Development,
12/18/1999,Happy Birthday Perl!,Mark-Jason Dominus,/1999/12/happybirthday.html,Final,Community,
12/12/1999,This Week on p5p 1999/12/12,Mark-Jason Dominus,/1999/12/p5pdigest/THISWEEK-19991212.html,Final,Language Development,
12/05/1999,This Week on p5p 1999/12/05,Mark-Jason Dominus,/1999/12/p5pdigest/THISWEEK-19991205.html,Final,Language Development,
11/30/1999,Sins of Perl Revisited,Mark-Jason Dominus,/1999/11/sins.html,Final,Advocacy,
11/28/1999,This Week on p5p 1999/11/28,Mark-Jason Dominus,/1999/11/p5pdigest/THISWEEK-19991128.html,Final,Language Development,
11/21/1999,This Week on p5p 1999/11/21,Mark-Jason Dominus,/1999/11/p5pdigest/THISWEEK-19991121.html,Final,Language Development,
11/16/1999,Perl as a First Language,Nathan Torkington,/1999/11/cozens.htm,Final,Community,
11/14/1999,This Week on p5p 1999/11/14,Mark-Jason Dominus,/1999/11/p5pdigest/THISWEEK-19991114.html,Final,Language Development,
11/07/1999,This Week on p5p 1999/11/07,Mark-Jason Dominus,/1999/11/p5pdigest/THISWEEK-19991107.html,Final,Language Development,
11/03/1999,This Week on p5p 1999/10/31,Mark-Jason Dominus,/1999/10/p5pdigest/THISWEEK-19991031.html,Final,Language Development,
10/22/1999,A Short Guide to DBI,Mark-Jason Dominus,/1999/10/DBI.html,Final,Databases,
10/18/1999,Happy Birthday Perl 5!,Mark-Jason Dominus,/1999/10/happybday.html,Final,Releases,
10/17/1999,This Week on p5p 1999/10/17,Mark-Jason Dominus,/1999/10/p5pdigest/THISWEEK-19991017.html,Final,Language Development,
10/17/1999,This Week on p5p 1999/10/24,Mark-Jason Dominus,/1999/10/p5pdigest/THISWEEK-19991024.html,Final,Language Development,
10/15/1999,Perl/Tk Tutorial,"Brett Berry, Lee Minniear",/1999/10/perltk/index.html,Final,User Interfaces,"Perl, Perl/Tk,"
09/28/1999,Topaz: Perl for the 22nd Century,Chip Salzenberg,/1999/09/topaz.html,Final,Language Development,"internals, C++, systems programming languages"
09/28/1999,Open Source Highlights,Ian Clark,/1999/09/trips/tripreport.html,Final,Open Source,"trip report, python, Open Source Conference"
09/16/1999,Bless My Referents,Damian Conway,/1999/09/refererents.html,Final,Objects,
09/16/1999,White Camel Awards,Brent Michalski,/1999/09/whitecamel/index.html,Final,Community,
08/31/1999,We Want Your Trip Reports,Dale Dougherty,/1999/08/tripreport.html,,Community,
08/30/1999,The Perl Conference 3.0 Curve,Brent Michalski,/1999/08/perlcon.html,,Community,"Larry Wall, Conference"
08/30/1999,3rd State of the Onion,Larry Wall,/1999/08/onion/talk1.html,Final,Larry Wall,"Larry Wall, State of the Onion"
07/15/1999,Getting Perl's New Number: 5.6,Dale Dougherty,/1999/06/perl5-6.html,,Language Development,"threading, compiler, zip, packages, Unicode"
07/15/1999,A New Edition of www.perl.com,Dale Dougherty,/1999/07/newperl.html,Final,Community,"new, edition, redesign"
06/30/1999,Dispatch from YAPC,Brent Michalski,/1999/06/yapc.html,Final,Community,
06/28/1999,White Camel Awards to be Presented at O'Reilly's Perl Conference 3.0,,/1999/06/whitecamel.html,Final,Advocacy,"awards, perl, white camel, perl mongers, o'reilly, perl conference"
06/09/1999,Microsoft to Fund Perl Development,Dale Dougherty,/1999/06/activestate.html,Final,Win32,"ActiveState, Microsoft, Windows"
04/26/1999,The Demise of TPI,Dale Dougherty,/1999/04/demise.html,,Community,"Perl Institute, non-profit,"
04/14/1999,The World Wide Web Security FAQ,Lincoln Stein,/doc/FAQs/cgi/www-security-faq.html,,Security,
03/09/1999,"Perl, the first postmodern computer language",Larry Wall,/1999/03/pm.html,Final,Larry Wall,"Linux, postmodern, theory"
01/19/1999,Success in Migrating from C to Perl,Kim Ryan,/1999/01/kr-perl.html,Final,C and Perl,"C, code migration, design, maintenance, documentation"
01/13/1999,What the Heck is a Perl Monger?!,Brent Michalski,/1999/01/foy.html,Final,Community,perl mongers
01/03/1999,Y2K Compliance,Tom Christiansen,/1999/01/y2k.html,Final,Y2K,y2k
12/06/1998,JPL Goes Open Source,Dale Dougherty,/1998/12/jpl-announce.html,,Java,
12/05/1998,Using XML::Parser,Clark Cooper,/1998/12/cooper-01.html,,XML,
11/25/1998,XML::Parser Module Enables XML Development in Perl,perl.com,/1998/11/xml.html,Final,XML,"XML, parser, perl modules, extensions, Unicode"
11/17/1998,A Zero Cost Solution,Sam Schulte,/1998/11/article.html,Final,Win32,"task management system, win32"
10/21/1998,Perl Rescues a Major Corporation,Brent Michalski,/1998/10/brent.html,Final,Business,"perl, aerospace, document management systems, corporations"
08/27/1998,A Photographic Journal,Joseph F. Ryan,/1998/08/show/perl-photos.html,Final,Community,"photos, Perl, Conference"
08/26/1998,Perl's Prospects Are Brighter Than Ever,Jon Udell,/1998/08/show/udell.html,Final,Programming,"Perl, Conference, summary"
08/25/1998,2nd State of the Onion,Larry Wall,/1998/08/show/onion.html,Final,Larry Wall,"Keynote, Larry, Wall, address"
08/21/1998,The Final Day at The Perl Conference,Brent Michalski,/1998/08/show/day4.html,Final,Community,"Perl conference, reporter"
08/20/1998,Day 3: Core Perl Developers at Work and Play,Brent Michalski,/1998/08/show/day3.html,Final,Community,"Perl conference, reporter"
08/19/1998,Day 2: Perl Mongers at The Conference,Brent Michalski,/1998/08/show/day2.html,Final,Community,"Perl conference, reporter"
08/18/1998,Day 1 Highlights: Lincoln's Cool Tricks and Regexp,Brent Michalski,/1998/08/show/day1.html,Final,Community,"Perl conference, reporter"
08/14/1998,Our Roaming Reporter,Brent Michalski,/1998/08/show/tpc.html,,Community,"Perl conference, reporter"
07/22/1998,How Perl Creates Orders For The Air Force,Brent Michalski,/1998/07/rwperl.html,Final,Business,"programming, perl, languages, databases, Air Force,"
07/22/1998,Perl Builder IDE Debuts,Brent Michalski,/1998/07/review.html,Final,Editors,"Perl, products, reviews, Windows 95/98/NT, IDE, integrated development environment"
06/03/1998,MacPerl Gains Ground,perl.com,/1998/06/macperl.html,Final,Programming,"Mac, Perl, MacPerl, resources, Rich Morin, Matthias Ulrich Neeracher"
03/10/1998,Perl Support for XML Developing,Dale Dougherty,/1998/06/perl-xml.html,Final,XML,"Perl, XML, xml, languages"
08/20/1997,The Culture of Perl,Larry Wall,/1997/wall/keynote.html,Final,Larry Wall,"Perl, Larry Wall, Perl Conference, "
